distance_nm,estimated_cost_usd,delay_hours,weather_severity,congestion_score,incident_score,risk_score
30,16793.317291692194,5.092104087178091,0.23047170797544314,0.22520190725114053,0.1600360956645166,13.741126049299341
30,18536.027552665262,4.351157813686701,0.21278404031672854,0.3120508889187701,0.0986559073996569,19.220498679850362
30,19693.88415819976,3.681716165354331,0.2066030697561216,0.4852689448361639,0.13740074738016367,18.38737533680174
30,22315.397553687893,4.063577904389605,0.28784503013072726,0.34400889068164964,0.08521101091637916,19.272103216141467
30,17172.023800025552,3.1314112973616863,0.15716721778368928,0.30774397394141245,0.1425847348442679,17.403736291905716
30,19158.201611037588,4.111379118104606,0.41416476008704617,0.3012301980338461,0.05902058167427702,25.90490241944833
30,18954.057088895683,5.009441984047531,0.1886052542345125,0.2491812227644966,0.034041502744700844,14.507416911385429
30,20499.721675042347,3.8649843117907325,0.13344902927113056,0.37785935876800636,0.10933486473125827,16.393413575129603
30,20642.54188534591,4.994552569776096,0.2678913563071895,0.35810948833866696,0.12312955189519874,19.54441634522641
30,20410.93865927997,3.34359022060792,0.15296273457072046,0.27333465821079894,0.07798861990186531,16.253490617480566
30,19723.005112696108,4.660738201973988,0.031713022838419536,0.309813796401707,0.11302024520840045,13.331346270757885
30,21576.439361589444,4.225585931173908,0.16512749277515626,0.29451778488025193,0.16863807050057233,13.561806285729507
30,19709.302559750056,4.985749544180685,0.10805477139983888,0.4096592892864517,0.11139405888564523,16.0632596731605
30,16343.086060743322,3.5009187597231115,0.2625590393967337,0.31287841523357135,0.13654201900459292,18.594656081114632
30,17159.56624709296,4.503134325310091,0.08041603544109605,0.4084366976942698,0.06244781278378209,14.44290839362113
30,18479.41944648636,4.890847779356665,0.26653851089727865,0.3381817418588691,0.0661361350364677,14.00120031280331
30,17874.98075719497,5.099121401432249,0.06773003876455977,0.2303303806878222,0.13198193813787493,15.110686649510663
30,16807.263061567046,3.816724685535477,0.1643736028938574,0.43850186821605036,0.025310585599209845,14.47759661158597
30,17313.66853251716,4.7376587068256875,0.2840308137457396,0.14272154921691815,0.1347538914836686,12.7582641535538
30,19879.817204150233,4.88192652210733,0.20721295077138696,0.2864608749123437,0.11861409690837632,16.08755169761157
30,18278.12563769655,4.481972457733557,0.09765025073781351,0.37151307619475793,0.11759973471774121,15.692152713014645
30,19860.68518011249,5.775360355130392,0.3463302891219562,0.20734843348125787,0.04881987738002019,13.913263256810396
30,21131.231931676804,4.4469103108287005,0.26351509468144046,0.3233332763481472,0.0,18.44784763146651
30,19182.98322665881,4.715184157128226,0.39967308916917865,0.6996634959208795,0.1331527546620797,33.036732845517726
30,21405.639122424454,3.064836239640991,0.1187058904689674,0.30015712877843775,0.05103225607521536,12.334632509985731
30,17971.772838185752,5.0167202791194345,0.18413651629613118,0.22572154966090258,0.0,12.073533949821464
30,17650.34814263775,5.748035535412823,0.3767929913579883,0.3656329425767463,0.1786191608818446,23.272468437021953
30,18197.975024783107,5.424754416192906,0.12747739354642468,0.6054163678922198,0.03428906566204912,20.686093432691685
30,17237.029250766715,5.80813071014689,0.23849509661058632,0.33120345228102915,0.09673899790916528,16.820452030179638
30,21811.992692534703,5.2458240583708475,0.07743942362327519,0.19664749108164567,0.11380703341776957,9.9853454469981
30,18554.043691904375,4.984983789503284,0.2285826139602543,0.506720209004819,0.1175506001091085,23.218260748267113
30,16973.374974192364,3.7229117250170543,0.35357559919959924,0.3719881324666287,0.0020424774623599845,25.25475426521866
30,17437.53839400181,5.623686122512393,0.18204807867173994,0.30401752146368144,0.21691554337937619,16.577931304852523
30,16287.79861256167,3.4316925076537523,0.2643326794689045,0.3026473852568492,0.0995902506623943,22.70775778717288
30,20573.853344550185,4.5189897948618984,0.20905849069017457,0.42727265519322294,0.0,12.453439157921352
30,17025.663834811076,5.216952011746625,0.11218476330712493,0.30990518711590254,0.17327220338848104,14.152504431737022
30,18004.611229356946,5.86686977114091,0.1672326905638039,0.4703309390365525,0.14304923496031408,17.778184224247116
30,17084.13946150265,3.3176922112522598,0.17761411831195006,0.37909961495254657,0.11412586867629688,18.094260672665992
30,19144.504089798334,5.413082746838912,0.45174740375339206,0.5752213533538004,0.0317405319552944,26.787763823983624
30,17665.636674388534,5.390451264975486,0.23156050035903405,0.494702434506588,0.041673292980511326,19.051818365155917
30,21665.19098003965,4.955793076739923,0.0937585588140437,0.28646726871607114,0.02985113774659294,5.774511554303338
30,16863.25190308099,5.449706290271731,0.4129247112028298,0.19550929024711627,0.01225715372362883,15.509479308216369
30,17106.3931777182,3.9310040217722233,0.16317510432119695,0.39098666611286115,0.2382958115524474,23.229727820774954
30,16333.232502919573,3.346470190996065,0.24347660744666189,0.30486127145238806,0.08929416283871672,16.687321185793937
30,18679.87187804178,5.04214358039852,0.2232169889626256,0.28336073374171805,0.13772308180361112,18.9403067182807
30,17343.4399804581,3.1304251860383756,0.20531553475778674,0.3500101271709697,0.04227535731657221,24.074708399963935
30,18553.7690722953,3.147762359782782,0.4093168308930595,0.5388025882970291,0.13086772420452006,29.990462413475452
30,16824.41279195322,5.774525607054186,0.08875885280165821,0.49293715437066377,0.12101993801177108,19.688371372280265
30,20247.64463877195,5.338432622313986,0.2454420338214363,0.2167483178702626,0.062278015404004086,14.205614648409252
30,19115.636003239153,5.572716432367672,0.1896511731934039,0.31976271461517375,0.1122050009681975,15.988708982636442
30,18826.403022147773,4.433631822071238,0.2176512421372447,0.3855192787624519,0.07024683349429682,22.860744859906198
30,20520.183076372457,4.138392239180787,0.04661385950838623,0.45365936164378257,0.07371798215016849,12.141191446494206
30,19573.23917592902,3.9850836150140663,0.33000445946989587,0.41991862903852484,0.23858492843279555,32.55856284588337
30,18015.380369349507,4.898752887802862,0.2438993158738299,0.44935858121564703,0.07627432371722334,23.04699541101696
30,16799.103213848586,4.843139221625759,0.08216963768851344,0.4438820410901193,0.08474791539958725,20.021539608338237
30,21245.570309336108,5.876640737727241,0.2730774691138645,0.1613551693216111,0.09464374616814394,20.473073098606896
30,19917.478140757346,3.7601500615175616,0.26375338108976965,0.26612834857055045,0.01890261068476809,13.317028872410697
30,19492.580185732677,4.397955458943682,0.2312009471551244,0.48863744433280354,0.1487009177779552,22.783236634497573
30,16954.321607557074,5.793708707070305,0.24138902853726932,0.5439451617981448,0.0,14.893850043187584
30,20428.757903844136,5.32296424842553,0.34759490480535093,0.394202793524079,0.1677267188674723,28.574670556509997
30,18180.971875286858,4.0925760533161615,0.22328780201371684,0.3781281071238435,0.12162745914253807,18.794948763970403
30,20797.01996466748,4.149959468332229,0.23833938643534952,0.46997890962923533,0.01531711344172726,16.19913197948125
30,22415.778733023228,4.129078420442479,0.11777499827096798,0.37427674301974323,0.16755081523882562,19.432448697193788
30,16968.10657351121,4.911221651973623,0.2841820066890062,0.41649398015889116,0.2862122480276868,31.942370016702316
30,18060.761859667768,5.476198533588963,0.15423005690431746,0.36294565332116396,0.20476405478884216,14.291291388491114
30,16896.706989275495,5.343882106294547,0.12058637099745761,0.4027563927220392,0.14193502742502168,9.892014028947818
30,22494.359801987703,3.3192585956141487,0.20543535853903824,0.2933868759633997,0.13675086173732895,15.360767544198719
30,17717.21676565923,3.0869985096134083,0.2138241432058682,0.4412159702451024,0.11833690992920548,19.495215970398466
30,16427.825076116587,4.96880711798247,0.21967760966569574,0.44846341705009024,0.06850070622203423,18.630248291305485
30,21551.27571041536,3.7156584618821653,0.28295190420240734,0.11083275547350127,0.0,10.292389930611431
30,21479.275377528913,5.094362351935912,0.27494338997277407,0.31581391203409104,0.11582320655534817,19.482725971236306
30,20828.112879191518,3.4656389773232728,0.3353585889569397,0.3610551990120931,0.03300814209380304,17.47920781564262
30,16543.351984445162,4.834630817931209,0.16419833119255708,0.4464302023254322,0.2376615864932787,18.94692152789903
30,16777.842336692447,3.5193835392675097,0.24746970884632022,0.3342696019174728,0.0,13.942528881241946
30,19806.202844739415,4.90922502632333,0.09302475887103101,0.27148600679749335,0.13423123525559338,14.065179138635022
30,20290.168878045446,5.099327833767198,0.3320661655528167,0.30886566189627446,0.0,21.41980132912314
30,16951.070415045793,4.422506188447855,0.23833771131824705,0.3342634963755986,0.12790207152370361,19.31484925561103
30,20198.163439735057,4.832962641109885,0.21601905933170754,0.4791488188959663,0.03234711737861223,19.318858313744187
30,16427.17695594739,3.9511227339517134,0.11666311940505943,0.1592519008029237,0.0,6.607657143415425
30,20622.61374099534,4.6973157012957625,0.3937231162429517,0.4827192043888757,0.023032710692669822,23.528877319433988
30,18917.934629633306,4.6474331507990385,0.21853256494153822,0.42430053403704715,0.07285932128927877,18.593247508428473
30,22002.66034295971,5.659208660171123,0.45976737265958323,0.376769569115033,0.21465716052849382,30.201003662499936
30,19313.09237305977,5.512147087035206,0.18295924188357957,0.25646211239294964,0.13442410871660426,17.700032632712933
30,18305.01925515974,3.841834308400968,0.2665585236313429,0.48023444053350917,0.1293225125789784,22.101413635345917
30,21596.25254851972,5.48152027356206,0.29355471254651494,0.13023126989418515,0.0731514105505083,19.46067392807538
30,22238.103839676125,4.094758083234757,0.28951849819716863,0.26366237200582515,0.0,22.893806389349923
30,18643.40267953099,5.116219096452038,0.24348842714636476,0.28285132567406124,0.1372064167600245,18.87098591170312
30,17245.213267622163,3.4912539127748876,0.19138993481789515,0.44489673460280965,0.1275716180988842,22.31316844594801
30,17092.05409798328,5.970964992978818,0.3628936947623992,0.2335820576418305,0.02898434754283523,22.77389189308282
30,19156.759685399527,4.3013370819677785,0.15574642881078163,0.5246054691524853,0.11051886534443618,18.409984344954594
30,18039.97378098153,3.6985568548311187,0.10588779040750418,0.2961722950365975,0.1361867160514511,12.305162507855028
30,21514.606824004008,3.731002362167141,0.3147812660733564,0.0626887634119434,0.03707473799166651,14.334338113420095
30,18509.63282507546,3.174325445164342,0.18207733745502452,0.31959469172623817,0.08726521028959514,17.683250720522416
30,21567.697756351365,5.3058827683781375,0.2662665970385484,0.3962045525187321,0.14452267542010105,21.604542406016815
30,19342.546838748356,4.021772386774573,0.16929167816654234,0.2595766903571146,0.017418986353773064,10.320516205041194
30,17318.291469352895,4.892496721094227,0.11112026867690816,0.3415183542017514,0.12674361027981718,17.488491895664502
30,18137.470956250952,4.3446219847706145,0.27394126723009476,0.33084220310935797,0.04776670842682304,13.532067560467127
30,22385.37746951797,4.901309319207789,0.19320197440155953,0.3814442974489257,0.028024417080979705,19.50673990288796
30,22268.23070836109,5.1620878401550545,0.3247949985059432,0.3196979198836442,0.12907634702712587,21.032269959174606
30,19684.553955191037,4.320266098582106,0.09278669785731408,0.43572757791567907,0.2597837224598395,20.69938463840223
1400,488247.5800764845,46.81134443082374,0.511111614849962,0.2533150824952116,0.16992288978455536,30.121720827471236
1400,522874.40491575416,40.22189302905646,0.18482408518207324,0.24627169517850017,0.11611147148313293,18.61369484035189
1400,459652.8713902513,29.290120352419464,0.17250379403578714,0.4618492483480973,0.10379688901154796,18.943184596875202
1400,385158.67543013615,37.062963215281826,0.40411316108045314,0.4915511778804324,0.18584794911489627,29.300646674612288
1400,486696.4258660469,50.3673267975029,0.3735276111588263,0.2291518677521128,0.18570577180344508,28.887503649026872
1400,378661.5183661299,50.169383224870224,0.37416445216767513,0.3263227838328524,0.26609430792168515,31.92025024445554
1400,476727.08290181117,51.18214179735981,0.2880334065871386,0.4565363552079915,0.10732381222682204,22.868959633845034
1400,464777.0768798229,35.07147858021045,0.10872196690705094,0.5933124394014273,0.35394623620856025,28.112026716454828
1400,428263.2599662121,29.2899129633656,0.32137770501593305,0.37720913907732917,0.06092895664625213,18.601549945202166
1400,398112.72787035507,38.014432680544616,0.41991967316948875,0.646322197833507,0.1637568265949648,37.282829250384104
1400,397751.93625702005,40.41674809551944,0.17693283944927815,0.4197268843572763,0.11876288404297519,26.174573827294047
1400,471277.4189479142,39.23855774550441,0.23962593022179923,0.4704711000163351,0.1755520211032983,29.66237458895864
1400,419827.5086414383,41.60312919751368,0.3176208295713399,0.19696448209962844,0.14859497388180432,22.34926104426392
1400,487120.73856444255,41.297635492696955,0.17943477839844824,0.20612099928151867,0.18856534684204201,21.479011519296577
1400,400849.9099202631,35.70729337355396,0.37723697552742397,0.31433502111562195,0.04465358311534068,30.762773575962417
1400,448009.82436224865,38.83642898177321,0.39201885987249374,0.4465243769514418,0.13664576559131478,33.447517077089806
1400,392978.44112523814,42.178609810914445,0.2978677081362715,0.34775110324672454,0.11167174632704158,22.46295325061306
1400,519086.8547823954,27.967754288290408,0.30752262722069085,0.4376892668643759,0.13033907999896788,23.345522263644572
1400,453864.9067847955,39.28818174511758,0.2717583666038554,0.12155727851366266,0.07290892445049567,20.433262897159736
1400,480633.8896646573,28.634268172316474,0.32549393488092976,0.2763023535674616,0.14544363670291768,20.981632650120783
1400,394474.34453680855,27.044839107219612,0.4058548959274223,0.373415666112304,0.20179877525675793,26.974205550647657
1400,441405.07196152804,35.993542347287224,0.3487915349211732,0.3747171982764212,0.052728726071669535,23.030729440629997
1400,448539.9198810066,33.54703703176499,0.247771971835267,0.38845852756920013,0.24024150858794419,23.557127349159117
1400,445733.1319702163,28.31137082586787,0.4961178866720329,0.4339104379503156,0.21138537923689815,36.14290586109593
1400,379361.1879277051,51.80822622532843,0.35582743309354464,0.4658486582636952,0.13498632072572384,31.744236423840878
1400,461674.1714133095,33.52425053595532,0.43070082819444705,0.20561536067298763,0.0,18.80117966852315
1400,401923.29245742876,43.716215333528304,0.1640164593454371,0.4118841785208641,0.22446705810804235,22.782932067668185
1400,466703.39478699834,39.270350618063766,0.2606869378415137,0.40137415500047857,0.12605882368917948,29.252313372257518
1400,466307.88607280847,48.57876510052026,0.4636048683555428,0.2894979522629047,0.2184015459437823,35.7461098721729
1400,428932.3623448556,27.80553879269183,0.4135371142861277,0.48880170835652026,0.2009525026697768,32.919548419104444
1400,424621.5161561069,46.941670434349334,0.29438080411508744,0.24641908508319757,0.2845453295440659,27.88079350429908
1400,403422.7586569855,45.71357652710194,0.48506251209526563,0.4014463816722191,0.16622378215182235,33.459665632961695
1400,463941.9086177224,53.81328371212367,0.21973478831655352,0.3938563465820084,0.14362163489145532,23.601494072343783
1400,418158.5171506288,43.78838480624043,0.37487873098010827,0.40530548537250377,0.1337668812163562,26.19099619859903
1400,380669.5999554115,49.57861977475023,0.22496844610768532,0.4613466177457042,0.1813011727946588,29.005898298960116
1400,459370.5034931729,43.4907935973563,0.4559223738896321,0.5231004211462287,0.15311305655211677,35.221037599744086
1400,522562.31017096183,47.47740040398837,0.3879280034365163,0.5544797333926079,0.23799837202736668,34.22357617811795
1400,437970.33026300307,41.046211810241836,0.37172311948105247,0.3757500105532715,0.10376847135378753,24.806475872851863
1400,519347.7955425318,31.03310222194007,0.38114528343034393,0.35176089038449543,0.16952835111826817,26.569085000800758
1400,507119.7628701879,46.8043624231964,0.4937776939916462,0.26055045847188557,0.0,25.926198414403245
1400,461780.27134030435,48.13992351070429,0.3382389144574879,0.5457027794714202,0.0,22.776071476300555
1400,408046.41296097013,29.696286883339695,0.31201934882101046,0.3096529699325655,0.07845231631379769,27.464280467430154
1400,508472.9500077423,46.42143840965223,0.3164060774959852,0.6286072256877364,0.15284611815876997,31.945986169498354
1400,466460.8891125531,38.04677939586952,0.3865474472642834,0.7814624415241043,0.21810284598758312,37.51833622289995
1400,397272.9778748543,37.64088853001421,0.30102498170987907,0.5090321631870534,0.1524868470216922,29.182916840554615
1400,392541.9022504089,33.5771121246824,0.3924965897436149,0.1675639680753502,0.2033258134887627,25.69205628185448
1400,454735.8083008773,32.015685641519354,0.3583981003314454,0.3167792602513263,0.21648254861343796,26.220157052307222
1400,473920.3225106415,52.90197338616143,0.34534127296606604,0.43346371415766866,0.06936856403011642,20.80653566724152
1400,506876.487197899,47.649695920395324,0.15414085596029686,0.39852168484848266,0.13232261457709166,21.3942064074431
1400,398255.6497813874,28.939197793577875,0.44476496098483,0.26666741188989307,0.056242272567936416,28.769192074923232
1400,457727.56713842414,43.652416835087344,0.3068660561760489,0.09979601870084148,0.013680570991169955,15.104104429903826
1400,486064.02584538615,42.7741522216529,0.35385811229809166,0.3625904403013064,0.23394716884347255,31.23059202840754
1400,408401.5885445627,47.85353066721334,0.19643579300738803,0.4467630046384003,0.15820425469810134,22.08269468644614
1400,502432.3448019897,34.142574901085396,0.5560298170524078,0.3729482260926281,0.047838684402381745,28.80702985237206
1400,503146.1934621239,46.17662043607164,0.3897033300015491,0.466669850638015,0.10022658397965933,33.59754737369775
1400,516182.79458870465,31.35385969700195,0.4029413407125722,0.5636114454502839,0.0,28.30054640217798
1400,456875.4979958322,41.303132986927444,0.29285507808032624,0.38006105896603215,0.30057399041632393,29.236717284195446
1400,518121.2121610628,40.014830508831466,0.3575713287956833,0.4007220016523286,0.18586592527785276,30.035016070400143
1400,395486.1366788111,27.811473626551827,0.4089546886035602,0.261896258897732,0.14296986060675035,26.865837976994502
1400,456187.255427872,37.812183621622516,0.43863939595679524,0.4588920050792583,0.24602450066074572,35.80908693177557
1400,400472.9369525714,39.65650101937672,0.056940562414722395,0.445946288366206,0.0,15.327258514608625
1400,469538.18551326665,48.45033982338888,0.23375712198600693,0.31454775497452736,0.25964327908913054,25.67851017331511
1400,471935.0064418322,38.82571927885006,0.39080361768812666,0.594024927819833,0.16048216929547357,33.20754400971752
1400,396967.41840576014,39.373075121485876,0.21352583477984344,0.3693001514391012,0.09062463248020505,19.69841272911428
1400,484748.4788724335,35.61722535441789,0.33938180693774234,0.42677464220873995,0.19934513597518239,32.48910908017973
1400,428378.9054849785,52.65164955485981,0.30876631277952693,0.22997894888837514,0.18550501675064837,25.292578051704204
1400,509195.69038403704,39.14008258741238,0.4235583092428373,0.44492637420475156,0.20055851870091163,31.788968719580968
1400,486561.0747649345,36.89105819102648,0.3017209841275355,0.5044666731303672,0.2683419608539384,31.21517709735001
1400,439637.2452253881,51.491330826556734,0.3852720163026343,0.49201874461410927,0.15969423594395696,31.512441144443137
1400,391483.38082167396,30.396789494431705,0.27707130636263383,0.350263232099697,0.2007128302186994,27.25422247257526
1400,407078.047547102,35.816764752138056,0.31251585371023904,0.49074977963557675,0.18030740827667155,27.450876727206204
1400,418447.42126345186,30.49279569337341,0.18449046568148159,0.27459475484964374,0.06831638714573424,15.512696891963646
1400,457685.61813775566,32.46810501395302,0.41197019654824785,0.44078504334312446,0.1752838296515429,24.79271786096277
1400,425112.20076666836,43.88791023667628,0.31355617477355385,0.13837479226126315,0.15288479414382364,25.085804476611536
1400,506640.8191584092,37.8016590456384,0.3702775048252367,0.33995667071237207,0.18881288900365903,31.27172465640472
1400,458048.61510007695,35.69982319321933,0.29422286540105763,0.49668143670910014,0.2041921094953842,31.237882503856028
1400,513809.5514262804,51.642139551899476,0.36019258873726573,0.30852118503668174,0.0812635185139544,21.93030133734735
1400,448649.321748519,47.5899324829913,0.393751224861987,0.2509893365345929,0.13367451324489207,22.058864655796626
1400,464136.32199212007,33.96082706196357,0.49720145664901333,0.41798108967847364,0.18289375344127706,33.48547141953537
1400,379103.53382159997,31.527887031300086,0.4954050181457458,0.34522346269303333,0.24057876577433981,30.821514556886314
1400,395008.5125944861,47.90706933194238,0.39550237203475197,0.5734151148311841,0.14381150561433168,32.33270599221015
1400,469091.27331756963,38.41560897876343,0.1907205740278472,0.29045464159374074,0.16814288368873082,18.68962462723686
1400,417782.9263838165,48.34992529519183,0.493530015664544,0.4292502976481978,0.13790018826028994,33.74424559062795
1400,440253.82301790913,31.761622260218047,0.309166683717333,0.23222684082413794,0.026509983798233466,17.06048467457882
1400,524915.0206559557,53.78513414925747,0.35085056267231535,0.4953918703498753,0.16442911544211186,30.60850198260094
1400,445797.7062181233,35.59481246598355,0.5079185502981631,0.4593467986387424,0.2278930809075272,38.42291581507342
1400,500321.651066452,48.26152461505056,0.4098347047074883,0.46235926880158035,0.06221298603623651,26.487067487258155
1400,450214.84461953084,48.63751471375352,0.48035650678080877,0.5008264195233038,0.268991863174869,37.609326167517104
1400,456474.4819512721,31.145189095474574,0.3602031297240574,0.4094786459608012,0.2406944383005361,27.60889361504403
1400,383121.23749114765,47.9148447948902,0.3950317278043813,0.4003730260222764,0.0900149329372386,27.119295833449257
1400,498999.3176626639,50.24162628775448,0.5271341242267683,0.3881864797230545,0.13048831118581297,32.85093431899103
1400,415845.43802062265,46.92053401487206,0.2814147323823357,0.5658049112053356,0.13680497796830252,28.727473406545872
1400,410220.81482235895,36.93341718598907,0.3411203552287499,0.4004555501945751,0.28750360024398874,29.790589810348525
1400,403775.9371837265,31.759866855597515,0.35145278819375686,0.48281253097168153,0.187846975842198,33.27108703371913
1400,443963.23755858385,44.64557529372837,0.36840578312715655,0.515518908698421,0.1718116210745703,31.92304734807846
1400,410457.2944177133,32.19211833394859,0.35013398467544865,0.576754428662749,0.0,25.309602010886696
1400,499796.3979513015,41.874536749240875,0.32453918302339696,0.21912092226723434,0.07118735741513389,26.37586325432108
1400,416247.14433541975,40.12718604180144,0.30882505823153505,0.3563700051631842,0.058063680224936465,19.6909909004735
1400,417792.42393978074,37.40497598314178,0.341514946833799,0.20797529811478274,0.08904204333517937,22.906455076917133
1400,378156.91735834384,28.78413869482366,0.21795110158429623,0.5025622876162674,0.08598306427185197,18.569070673438617
1450,457728.3690132447,53.872522911973135,0.2683802295418812,0.4938436490476521,0.16903723043796792,31.093170672330537
1450,416420.71969209163,45.19448276690959,0.2743345883600247,0.5400146174564333,0.27470347881505497,29.15894639676949
1450,413508.8140255485,40.54791997675377,0.4484918786733851,0.32300627389948355,0.01419670933666567,25.339162676376805
1450,440784.1283370591,30.075206670784986,0.2349436379594408,0.3690945045930589,0.0630130348469833,20.9273162986613
1450,402024.57410510693,54.99549869620732,0.38867590544047387,0.3913107038257292,0.10512346582511609,24.235036131665705
1450,500517.86299815285,52.792896061012584,0.11893813200196052,0.18002594664580712,0.024371282056151772,16.04154239039775
1450,435752.4686751143,39.93605147930423,0.3410982576900875,0.5439070590858192,0.04792824037563398,25.557002395116882
1450,462045.2518048854,56.39107310116251,0.35595403706161666,0.5179425310289799,0.07603579030959337,29.21310019356078
1450,416077.85252799216,37.65094035273786,0.33270098687893146,0.3548969003450503,0.12212682730608788,29.980179030564884
1450,451943.6100549469,40.14707725495132,0.4276980832198043,0.32984502806921473,0.2546868967630418,32.453968403583815
1450,454882.4982778809,37.88398009853643,0.25878506215430325,0.23307637682700807,0.10627483918269214,24.38754114948039
1450,439032.48626727617,37.640393080781166,0.22030890107033096,0.48623648910231254,0.06196867823936196,22.0967208209118
1450,419288.1153703016,39.58925627837928,0.47396480419310116,0.3921321025556495,0.19994690659795913,32.103521523453715
1450,476907.876625613,54.93388849931391,0.2950441162448417,0.43614013448412786,0.05311543081233702,26.20588247801881
1450,474136.1174749115,54.831161415544756,0.45369656539176445,0.6239213761483564,0.09000442481206916,34.905278360876146
1450,498890.72416396905,29.256174460373117,0.2400250550881135,0.6444084370963261,0.14909585202743703,21.748598010180316
1450,436772.76804528886,50.91951680606758,0.098589740513471,0.5455006386263729,0.12483747584938944,21.617766959447188
1450,503623.6394588899,33.07676690867018,0.5003509410401342,0.5489039543755035,0.13357652361142497,28.799616695805263
1450,415235.19856113754,52.885800468518504,0.32576404209211607,0.5514579730178225,0.0,23.214851658294428
1450,471941.09839405643,42.23026121382189,0.30534816268219,0.19987174140138309,0.1691416350685651,15.463971390413018
1450,404819.0620183897,40.402149840640305,0.20035813739976102,0.5979482320923236,0.0,24.44103213333892
1450,390607.5385069573,53.41852630554218,0.23248860478565386,0.4984744824882734,0.16523683353352744,27.898469533128406
1450,443698.4681851689,47.54742611266188,0.1514944520872564,0.5928496275952493,0.059159292154290825,17.658509694915512
1450,408013.3599539577,34.60830248136712,0.3228770028928938,0.5660959527510013,0.14343470587978333,31.91787145138592
1450,508749.9251772657,40.0423307526308,0.11220112340340921,0.3210280783418743,0.1901234883265216,24.667620781968214
1450,451568.4312642906,46.575681368051754,0.34685527785062026,0.5289465612519815,0.3368596421774661,37.472542763993594
1450,393080.08394074556,55.82316449020013,0.3438991029388895,0.38679415296645503,0.037408238435612196,22.524615181276662
1450,513040.09944006044,55.1724119073158,0.3915930302279599,0.43690258181263986,0.0997694842945735,30.28910871590019
1450,472400.9410891732,54.59872844954322,0.4912954807731752,0.5059413194636773,0.08990303169732283,33.01502184130247
1450,415499.2054967645,37.35364427481086,0.2622193467241728,0.559957372928948,0.0,24.411064450465954
1450,511917.88646343374,48.673550990441264,0.1873012089799136,0.6094357280219324,0.21965079681374983,31.290535827582623
1450,469124.19195919775,51.179974107258644,0.34048550876357087,0.2573674503440919,0.11805620929833475,24.732525184480647
1450,455688.7806142277,42.26374409994584,0.32912314168473794,0.6268333670703714,0.2180827127928544,33.25340709223861
1450,504370.41150278295,30.70692842992249,0.12479014272730288,0.46130196698787745,0.21990062179284053,20.01430326431946
1450,417975.87884845765,32.989415227548164,0.2328087976320323,0.6272872361004043,0.07659537439105399,31.26405160213717
1450,422572.2455252235,56.349992802559186,0.3602652446306499,0.42810001888196864,0.16604372079999158,29.03385516306482
1450,524323.5438424941,44.70423686905646,0.27959304849515654,0.39100132620414185,0.07354788778035322,25.03839040820014
1450,517052.5927935051,46.106983892409126,0.2991205310514428,0.5115839773292618,0.08649210048599693,30.41953659898934
1450,529326.8945995832,40.97848462176136,0.43679074507209703,0.34774094328412875,0.2983418888444779,34.36145668642029
1450,485305.37869593425,37.64092239017337,0.27827738417813236,0.42487094075524706,0.15124244770556136,22.957830228317498
1450,527968.7886257016,33.312881685962374,0.38244270623849796,0.560538089567375,0.17237276227582288,29.681830246590284
1450,452718.45714549534,42.98349807117997,0.213180656935922,0.25374441018505706,0.13895588892367597,11.022920580406765
1450,476239.97298801725,30.404534008991693,0.17526825303058308,0.58450087816838,0.06682991999494951,26.701361452528058
1450,521961.68342440005,41.86664475186116,0.28559723399453235,0.4848048475780242,0.3060623833505348,30.223257610581427
1450,451439.56445808546,50.78007585585744,0.2674454988480468,0.5111877898171843,0.1115820692599303,26.163898736996877
1450,488114.0553864172,47.3820934394367,0.5299589093037319,0.46088910765026075,0.2628254715379782,36.88209392790812
1450,497854.25051391777,42.914225970168125,0.2146240777412588,0.5051647146017985,0.1990842593972252,22.688315280251494
1450,481337.1599090234,34.159634410642276,0.15728635978137587,0.2378853464472743,0.128758828755767,10.087946118199492
1450,410240.6747473324,55.74732979639493,0.2809239539665451,0.43046412040408716,0.2876799000180351,36.0126566146196
1450,493577.7118533166,50.1755616478012,0.3449978341346548,0.5175975688219709,0.12916675496191024,27.41791163143569
1450,433404.1471949031,36.292746510610165,0.38780585789082,0.2852396379737353,0.14626943782652305,26.44837670571695
1450,504722.7848878032,42.21200840024977,0.2377459847334447,0.32139584077659067,0.09171082067090844,17.196409124599313
1450,441301.98949333606,35.36146252960668,0.37119770229910515,0.3082225118485416,0.07469640675351949,25.191919269089492
1450,434233.93920280284,49.92575021307727,0.27882661974556056,0.5098463329283668,0.0,23.884899665238123
1450,422517.5880243932,39.02427597821761,0.30679131691693357,0.5157754055570636,0.19164841946514766,30.420458745071983
1450,537323.8604187156,53.214409883291125,0.228512343810249,0.6074430314663897,0.09478604880918208,18.437780847949085
1450,399213.6770637969,41.63654464558364,0.2765874462717087,0.427393904728274,0.08604298321744817,23.416104458523865
1450,470100.4868473163,44.69276951180389,0.08653063325231439,0.524073789659071,0.16442881828068603,18.218780977354367
1450,536721.0441499406,52.66335071587415,0.5008755386185139,0.33486866962297585,0.17993783417606837,37.84414003107355
1450,478248.05942800373,36.140425487385706,0.273910017699915,0.5507907126159357,0.1389564310975397,26.904116890869798
1450,416375.42223770765,33.33929925252216,0.12192618924365292,0.3536111889657954,0.16409533829613554,16.792152241843613
1450,415884.1347923684,47.917889971656194,0.24182786507977533,0.406143648706293,0.009926912911875876,22.630864202857126
1450,488995.1464753977,32.49157903365048,0.3809121310990244,0.4325027450293421,0.08863681633034148,23.860880969857423
1450,451708.5360099572,36.04103175236551,0.2059778791074283,0.3738224203234252,0.02692209601661831,13.569808026664878
1450,512686.4315576505,39.28206340537789,0.3025128711216033,0.42360770456803976,0.14732069484294424,22.692374985316924
1450,418303.7100931233,29.60136283006621,0.30294235755849724,0.5734537103694611,0.0,24.12876152053558
1450,442917.2528651575,49.79166031795176,0.35502024960264406,0.36563171029226377,0.11045070405784985,29.405458768961008
1450,483658.988994483,53.0617109077564,0.2015005072275558,0.39533665859958833,0.009084619738384536,16.73185776580292
1450,424004.27584426134,54.81538858018565,0.3377970997994698,0.504304610277551,0.14566797170596857,26.85273225730043
1450,414898.9785567741,34.21603043266429,0.29450651337970823,0.5859227784623506,0.2211631847470429,35.48195817489737
1450,427037.64632956067,51.37753725071842,0.3508079105199065,0.47343156377757273,0.10258522452522745,27.671933652801755
1450,420815.76591915404,39.95836224747648,0.2957421378955556,0.4594318447338045,0.06575427772052006,19.21491253274602
1450,504827.2437628444,46.718634700150844,0.332401252418998,0.35877718936573133,0.16619220620154,30.69351955827392
1450,394605.66629183374,34.9883426837776,0.3192421117768181,0.5858462746097014,0.0,28.909060891521374
1450,504516.17235511675,32.156357867566925,0.17801242551584784,0.35030761420735973,0.13167506353158193,23.083916745031857
1450,499088.0246364215,43.53254245706793,0.12347796846971507,0.5668582886060771,0.12066255279663415,24.00025866615887
1450,463044.176805111,42.83193570394006,0.05858921489689625,0.5278072813486455,0.0006315331621606357,19.311639656022038
1450,497846.74426413415,35.53166402416493,0.282134483098611,0.3667033726625201,0.07947178432230376,21.24833543372395
1450,495636.3680011588,55.87784914042173,0.27635535800354866,0.26193874912974635,0.15107793606812328,23.659022114972
1450,535487.6264029162,42.00708302268522,0.5386951799573922,0.3179837335530833,0.11178703271674936,29.615049233181722
1450,444608.8659984285,50.952096243207876,0.32239674283734476,0.45023992276981045,0.14255646939153258,23.35454050849379
1450,478257.60745243804,38.10041149924815,0.3135123451868082,0.5040024808106198,0.10180644698848927,28.14148508206046
1450,471810.24716391537,48.78965760177449,0.2273984902299023,0.4163279463794323,0.0,23.44596568827869
1450,446663.65342240426,29.38044585552692,0.2360496609112524,0.526825639119451,0.07693470377107361,26.230198406183924
1450,520298.6282141836,49.762937400341904,0.2465188661781442,0.2612966099997071,0.009444077490909378,13.91409608465369
1450,391090.9110913865,35.07626970011569,0.3410212015679551,0.39410782021703067,0.3099685240021145,28.522622879485546
1450,458658.14007410675,43.65096818282002,0.2506598659617321,0.4669703368008653,0.0,19.970449844427442
1450,439609.3235235311,51.63494257974905,0.32598078568055094,0.5729906031750479,0.10688371999784027,31.616084735142106
1450,436990.5386793695,54.774078935227216,0.2886831590271103,0.3284779378334206,0.13012773682221548,26.170593128085507
1450,535968.3719153334,30.532179224268095,0.16616175886761553,0.575677834328851,0.008185106950527696,23.519158987314352
1450,481952.2571697846,50.57089033022597,0.309760399249544,0.33713637413985403,0.07765821546400853,23.20573393379907
1450,439082.6053471626,41.250693426075124,0.29691674859158157,0.42427498683538634,0.004641701148798957,18.010083036241735
1450,424076.01238837565,32.87564907060585,0.28104444884607216,0.35162952854749874,0.1289080343518489,24.935633512933304
1450,502136.1729792955,30.7157230073637,0.16881968342227885,0.5305473613936438,0.05802785149903495,19.356729869515746
1450,472609.48771034006,36.90804744830327,0.38928558163229554,0.3570587926183926,0.07048427579269094,29.059390808051813
1450,407329.5087287374,46.27107153481826,0.3628796293610303,0.6551932744814486,0.3014115363119404,34.667665519148144
1450,448559.78737288236,41.23490700880335,0.22223940722517327,0.37439009876931967,0.03542761006893805,15.77631391133083
1450,511877.36147379916,35.2562691940629,0.3842126959137633,0.3398695755098983,0.34476551760771135,32.032175787935266
1450,526659.5765289565,46.16200259731974,0.3072017641917052,0.29455905786407577,0.25648734065021117,23.64126989273911
1450,464610.9594975568,30.54773456135768,0.321066687772462,0.3154282744779294,0.23698842107786885,19.909526217971028
1850,587024.4780544712,70.63919958724927,0.30165840213409695,0.5825313357919847,0.2970306953378525,36.8776371218984
1850,648925.3714171795,51.55004379601735,0.501551521648293,0.3009997321301306,0.1993676387701411,27.897772258422933
1850,532010.6511808818,69.8787462515291,0.36743018899262714,0.4607233483693971,0.18815420763617968,32.41539684817937
1850,544309.4200949364,63.34714988303021,0.4442454604969711,0.46346878845719996,0.16722808573055986,35.75470090571424
1850,543001.4455416263,71.95782999437297,0.39994369028770416,0.5047632231917074,0.2768587446075571,38.139787569248284
1850,691861.5184177675,71.76681083325035,0.39928831448714847,0.5204212331830319,0.16302983398620435,35.63612668524264
1850,602169.2308470714,43.33898258386358,0.3739171541595417,0.24707727348627168,0.26153889664297025,26.724263183117735
1850,675511.2479911366,71.46168108195135,0.46737943936677584,0.6032635649553735,0.3247052998239269,45.30103945061893
1850,597693.9226601103,56.187985484232435,0.4057410071438158,0.365920687753847,0.23316930280213627,33.304010716354604
1850,524213.6430974876,47.90437189006869,0.374129409831427,0.6773934722859272,0.1279446253029859,36.83424679794275
1850,607110.8336899249,63.33627960080595,0.2502626829905463,0.3427643900281473,0.03698171938122258,20.058525508083868
1850,512115.91186153155,45.9011174626891,0.46613781898917084,0.42301487350605843,0.21850256181946917,36.37206663593328
1850,617325.5106117122,41.59429629326192,0.330806630382539,0.4797617895919457,0.28349947181763957,35.04644957936278
1850,501639.9876393864,68.14988945111709,0.2915389377563762,0.6695015683953207,0.281927907187282,36.1535576809002
1850,627702.3279430595,43.30045629392972,0.4678523951400028,0.4555066196645526,0.21884558965119152,33.68820707887987
1850,592202.4927627986,46.80978883713096,0.2805634519275541,0.3722632704648593,0.053728375084679814,26.814742322998008
1850,503081.54320850637,61.61073651755072,0.23739155113734836,0.586982560586744,0.31376850799388456,27.8396969862507
1850,637748.8557135911,65.1787097637527,0.4266736167976642,0.3723728324678339,0.2159708014329212,36.51405936615883
1850,542932.4198301721,37.531865435283954,0.32168201382848327,0.3635692902307479,0.027518156596001514,17.900764592640524
1850,538611.91097599,69.32472007452209,0.4453018756312172,0.4460035541762421,0.11394112330838142,34.52034583628923
1850,647716.4983988834,36.433867068573306,0.38699739385015103,0.5742926022157823,0.1071270434890609,29.978184533103814
1850,664571.5516736283,38.81362103587398,0.4435458335957418,0.40634798544266587,0.24078565662208945,37.70766031711958
1850,643200.3276604747,41.52887204710012,0.0952367434647246,0.42607411693326497,0.2820278427406204,20.43226463078284
1850,560147.6225151137,54.353893178053774,0.502690574632062,0.2694194563341634,0.2903192880769614,33.981915894537465
1850,589616.9040768773,43.90486531927529,0.2982775658898359,0.6039470241030235,0.25859422478102706,31.203596881995043
1850,664947.0339996767,49.61521882834852,0.5293509968459371,0.3379881058248295,0.32833832837480115,36.90756381816658
1850,691285.4764266752,60.945357261090784,0.319838115923155,0.3470457917581393,0.20758614877843007,27.592501377764705
1850,591828.11627389,38.56480118519728,0.21971438035821175,0.40974069583189754,0.12727176891173153,23.121873628724458
1850,663200.6849406572,54.72258884141357,0.4245371008995332,0.28683220443892465,0.14768294930904624,31.80767764358675
1850,594539.7633188824,67.86334757616483,0.279730341409897,0.46563606369617894,0.15311586880195532,27.598674356352635
1850,526653.7394487719,46.31737553689728,0.37638699082220145,0.4118734691130439,0.23880750947976903,30.921161693318563
1850,618844.5011944599,37.153569217614375,0.47965440305199974,0.47169989074229823,0.17546421697392503,30.643866839129377
1850,588184.3174915946,44.93859292387054,0.4769856893055355,0.27281946065142737,0.21738185265828994,32.75257737171246
1850,503740.74782719894,57.366561327918916,0.34395505311969243,0.5037256640586265,0.1798349747677315,32.29288950309755
1850,682562.0257195554,64.18154036335123,0.323278293146936,0.4032461815178379,0.09118052499262606,27.34056656258399
1850,622334.968611354,64.3520010550758,0.4965170492728666,0.5105441164496873,0.23136087498926056,37.47636844301532
1850,528004.8730505866,55.69156035281585,0.6214152615791911,0.445765882417579,0.1467297831103651,34.9583772431726
1850,562417.8202832218,66.33556638185506,0.512267825456374,0.4886966509579,0.11112551238274236,31.881653196290944
1850,551133.4785286816,70.03499660783814,0.5777182840257724,0.5790556842039432,0.19918431074999632,42.51571212398916
1850,688143.0032376022,54.08686777071378,0.3339699883978011,0.5698220527168494,0.2381282373859184,34.64479929230006
1850,665676.0893439235,46.06154544852683,0.39302012142378623,0.33998308175189584,0.08225501189406516,27.26375366643109
1850,505535.2698135664,46.850422921926686,0.3521916942246176,0.6569895928255892,0.16052254326768994,34.28737163038743
1850,550680.101925775,60.29325908661131,0.47368365309200516,0.4444933140410504,0.2797243907598723,40.96453655596005
1850,665121.9631734131,49.006760358696596,0.46600374917903353,0.7299733852082493,0.13892485461514717,40.83043885289429
1850,595576.0935070375,37.40325759134353,0.4497922934269379,0.5122707991576899,0.11016343607142962,35.96148953336596
1850,617318.8605042433,69.72866237271434,0.6857438423139866,0.543974137588586,0.24664865085261944,45.27968035931345
1850,600348.235382107,41.86283584473729,0.2907104758901251,0.32635945083019813,0.33778879535965195,29.32322280162459
1850,550893.5534667801,69.39606248835199,0.38271289175565637,0.61574608186872,0.19741303050438277,35.39703678760388
1850,553764.6722686319,37.181159981918235,0.2593085834398138,0.26267011251594463,0.17907504791468787,19.023550568551126
1850,516930.30070123804,47.805259807105344,0.39655251349653675,0.5064503075588602,0.02751935951524967,29.706792658984554
1850,597444.6098132116,69.42694230206385,0.28463250836002396,0.5190137660599682,0.2817925780288378,32.18503720122422
1850,673451.7641204948,66.39380487296799,0.3370655515665496,0.5561383739491589,0.21560831785143106,36.48572198547464
1850,517825.83688775304,69.45272078422141,0.40945925329577004,0.5941626459358024,0.2696658216293311,43.72884461163123
1850,649108.8149295326,37.23045879341736,0.42566587307122616,0.2942616925404654,0.14289444022250314,26.71713986811938
1850,579953.9835693763,45.933258313469274,0.5400881860312967,0.3743255424339428,0.1361477313796133,35.58114989128687
1850,670325.7292299828,51.30369475172303,0.49112380445689474,0.523829434481782,0.23915071511507274,39.04965914825476
1850,580646.6333759816,54.090433776065254,0.42150981358190365,0.5927047769099313,0.2444116545555865,38.168252684652806
1850,579804.5514727301,56.36844789746726,0.3971982215104256,0.5231817895775838,0.3765220245712322,43.00647144958836
1850,662308.0257757865,70.833348935909,0.4098001914099383,0.7805414143006598,0.16975685666148188,38.85506249799963
1850,550675.0293138289,57.029837370598656,0.42489339103966584,0.6015564874769276,0.22552758672188594,36.84464088802493
1850,615633.534450305,38.11854734396755,0.6703985107279387,0.5473085179330437,0.1424414763217162,44.72042652998753
1850,522553.0785550656,59.86528025532915,0.3635622707106758,0.5152834970787783,0.1949193060449385,29.965904323563354
1850,638983.6088912032,57.15485908750954,0.4224297307181595,0.5721151141639876,0.22660258504781128,34.973009154366814
1850,678667.9712875611,53.36553616664813,0.3478461355213617,0.38672557703335975,0.3040926678921625,36.76324596386806
1850,568490.7792985595,47.32982810875308,0.6812649248238724,0.29489286753078137,0.14092987352983136,34.42519615940119
1850,636499.1655410338,45.119073625403175,0.37003469359446345,0.3540075541652714,0.22680338940299308,31.93603464881493
1850,517763.6185212953,59.59653813792005,0.46030068534266766,0.4551909275811341,0.36969147221069343,37.59921494596277
1850,571050.8538970823,47.525794880143295,0.22594970109721846,0.5020801554981569,0.19025558207573331,29.00217704830425
1850,574465.2108667295,45.163775326582154,0.4726098361446335,0.3882711814469476,0.12006840869351904,25.919502791221007
1850,603211.169156321,48.43380215410172,0.3819692977150466,0.5016886499448205,0.1827880667383097,32.098881519487605
1850,676228.179238533,54.79128410824982,0.4090800023610048,0.5725749899060681,0.2864684963960697,39.7373145700826
1850,588539.5945581238,71.5216288481352,0.46108449164108545,0.44789594800893373,0.2632314781572938,43.225293246330274
1850,640026.543307288,54.276371908624,0.31335838613405614,0.5016677851199013,0.20090221572949282,26.606526846141332
1850,668313.6979843078,66.32838005229601,0.4092679446029004,0.40779732085425047,0.20687947845981,34.027451487154885
1850,581128.216552051,59.342316667321,0.41509215268064964,0.569513836558512,0.37486910131341,38.22043553258792
1850,671999.5862857018,39.368986032181425,0.27130925594636257,0.6899395336128,0.12612161760533572,30.097563791444237
1850,618093.8993185355,61.49464152332823,0.30974934935567083,0.463403213754428,0.2983500574120084,36.28373473519165
1850,500443.5378632365,37.55430810204784,0.4492296911938037,0.4255377655221606,0.07342663870984659,33.132753909704164
1850,584219.5000995888,53.49762898419142,0.2963418025130343,0.48985761421862317,0.25401157279159187,28.238420860095253
1850,692780.5793151502,68.33232289803941,0.4331995493456935,0.5296019779532893,0.28676691131710763,36.74073810054086
1850,533403.8378185036,46.34902866774323,0.413820512935328,0.47660241366562556,0.23820885838054165,34.158087154617576
1850,577835.8934842193,38.41120847275164,0.21536629888795197,0.4453422501374219,0.23330945185111643,29.411117906228323
1850,610929.6999135666,43.132238690835266,0.41268669762958426,0.13234641604251252,0.09775293098305574,17.549161503960722
1850,582715.2714547047,40.988899851928664,0.5235247388310272,0.5016026709852407,0.288395239116618,41.46717775945786
1850,532584.4828657228,38.48903802026141,0.46974883119210004,0.7732916538267318,0.27768050687673507,46.90778015131148
1850,667049.9102293173,38.39033804555788,0.5202700806536147,0.44880740203290803,0.29319555561505023,36.97240779694711
1850,545091.1527483307,66.73068623328243,0.3492599423599575,0.46326571418480555,0.16078222799689798,29.66674356812485
1850,691631.1092478561,54.02379026380571,0.4369358059699905,0.4408133785392907,0.3548304946823288,39.56081494301411
1850,628717.8128186006,67.90805366158884,0.4826407309893258,0.5335089864720275,0.30950277055228503,42.663518486093636
1850,589287.7754304075,54.7719555656878,0.37117145418726816,0.5485978782709612,0.37875089969581455,43.15884865516933
1850,668906.2606641942,41.39789320562619,0.514025328094428,0.5014059701263238,0.009328903763411056,36.10000792326736
1850,528754.1654500136,44.551284193881315,0.4169473871193261,0.6199608823846386,0.12783110894551591,34.275491926488876
1850,644812.7838012691,37.615691609145955,0.35084591738428345,0.5101593536879316,0.4213948713625808,40.858664149631906
1850,615115.531650364,36.39364995998389,0.5479462143852193,0.4771913992519106,0.03561909538597652,30.02222823418273
1850,615359.460550733,55.98920231640202,0.38236340495106697,0.41698763083972246,0.32016234014745043,37.31303462111689
1850,607479.1858971165,44.90161499086,0.39627507474478735,0.5237067539033005,0.1051852335574146,32.03779979064401
1850,580485.2602576162,71.08525487703982,0.5209264568425378,0.6885602979298842,0.32559987879991575,48.08832251500868
1850,512587.4587720865,54.994908981761355,0.6531904677742177,0.6776119044456699,0.28955177295987045,51.53835532047348
1850,674379.0208502932,39.48964350441529,0.289933873576564,0.4713876378823637,0.19081776407984619,21.278133086153893
1850,660377.4328460535,63.264579578637075,0.4504444647662469,0.4161173776275288,0.20341048195501976,37.045897573734344
1300,431196.7230421913,61.64460491586955,0.14671351216472925,0.48795829300547683,0.3047230330493905,30.052297481491888
1300,378628.32065226353,36.55226370813369,0.4123094630441539,0.5446005750828393,0.0931323521224374,31.799395716397903
1300,430576.5327719491,44.234708374409145,0.211253617525784,0.4108192857079642,0.21464719863362478,26.956094968507806
1300,436279.82663444674,56.3926593947672,0.2553930621541166,0.6676229046006187,0.27249385325147835,35.94218987450266
1300,470162.754902333,48.113093090731134,0.2134060116167714,0.3523004441143074,0.2732586542293458,24.440060380553305
1300,463945.676367444,54.62152163334478,0.20989659707450478,0.7390813110604793,0.11377771104853521,33.27127543290386
1300,449733.22517701687,58.71941314518338,0.22550170612743584,0.47414970126293077,0.299298831724265,29.37686057472528
1300,401966.8536548091,37.580293470490176,0.4549890566129126,0.4977123894199913,0.25807494333881237,34.69815375266714
1300,462347.2317527193,42.15662402499337,0.2983163276266574,0.7686466265611411,0.12822405798468572,33.00454546882697
1300,357953.86814891256,44.167349359461944,0.27573809525997256,0.4350386079158525,0.17135184578733798,26.239891153015243
1300,462855.028131843,38.16984473744793,0.30701131587332164,0.6185408879549257,0.17227049815896323,38.932271321128724
1300,388837.5461387387,57.61824044589114,0.26238958094404174,0.4950301837998247,0.31151726972589966,31.02975252089078
1300,414144.9082870253,51.73299846765335,0.35411308382180406,0.45068989111184066,0.2171572809587988,29.623899688179392
1300,370906.1090504203,57.85418351180615,0.11576155379693279,0.32000830389781476,0.14924695466350935,15.183869244123144
1300,401244.731491038,49.24446161348581,0.22972450401787958,0.45710969380215405,0.21475937113216054,27.06451540570741
1300,464170.4551253507,59.92843397382193,0.2538973719419162,0.4980120812052375,0.27621971759615593,31.167676564061715
1300,481779.63705542864,32.01918931877895,0.09683804313369729,0.5754056541004717,0.31097193935669487,24.112418324591907
1300,420231.4512866243,47.55664178610798,0.3217440415303261,0.5457010304000854,0.24197618660452733,35.28462740796687
1300,394634.3499810974,36.94721019465834,0.4377736236274744,0.5497299706595011,0.31522528577373066,36.263392180186926
1300,389932.67816991295,61.42505577308755,0.40906599360881324,0.8152769052871888,0.24023328896228865,45.52529617101462
1300,435311.88136557175,32.47633583715574,0.3553076787025245,0.5798696318410036,0.33069346847638714,39.264624696070214
1300,356631.0389371458,43.97605541527235,0.45217004527369586,0.5930555300687506,0.3224207521195164,45.60736187013183
1300,453512.69476846914,49.06388015003105,0.3216204676322688,0.6465856679034855,0.2598992011529112,39.67515324916258
1300,367692.5218281848,58.557436865343064,0.3555240074279424,0.344623220832345,0.2327804434739076,31.80616459034242
1300,351531.55098102463,37.63078866555505,0.2786203138150044,0.33394255699189834,0.4014439108338035,30.169737101980196
1300,455785.7309633782,44.17468281992379,0.40823519297917354,0.48496199197285694,0.34186051396127903,37.817136998140995
1300,406535.8220768478,34.295136529748504,0.2825031963285822,0.675476814425112,0.18077257343185327,33.35736860221851
1300,453847.36363306065,45.887486348150965,0.34802411525117666,0.5989274043541647,0.22435676973299618,32.65170027639781
1300,398941.92959846725,52.48064742697818,0.26881086877446,0.7924767638530998,0.11120191343636537,31.82187687221048
1300,418466.4595348193,40.04084341640535,0.2566372514845812,0.2997966043984147,0.281123007234701,28.86124397868412
1300,481984.88977112103,59.140524908564174,0.4435006177988935,0.7288149210755887,0.2787165152521177,47.39306393205651
1300,397765.2216827629,49.151777722988,0.4133568702875625,0.43701548773242394,0.2661075882571938,35.985270156012135
1300,437015.7438059535,59.464492784987456,0.527299182597939,0.6267923398960951,0.3678730465153405,47.07311982237371
1300,378079.2744879286,57.42248013158257,0.2184173352015567,0.4343469775318734,0.35130436457354924,33.57436906871058
1300,471340.7506996508,40.668086102195474,0.2913040024393979,0.5907770289388518,0.2868174911548051,37.80816711838713
1300,408352.2296426132,62.78261417560553,0.3309412839759925,0.624902112696344,0.18333899267702028,35.787851386784226
1300,428186.0975717064,43.92441678153673,0.13918141887884583,0.45127575723050795,0.34903069503349843,30.607447710974434
1300,384576.4089830197,43.913648816580626,0.24562171956472764,0.7193580383052055,0.24297314571170403,30.70489027905717
1300,414782.8147173036,49.60685303406364,0.20071531921660601,0.5264201895522271,0.3161738239696978,32.91873154412267
1300,419384.2083058375,49.83297255582705,0.2397021687432996,0.5029328784495661,0.10145516784478673,27.703242139581867
1300,467523.3163191143,56.71817920173259,0.2228769833765361,0.7488851344278996,0.19523551806561595,33.034323494455045
1300,442646.58104961884,39.02173787479852,0.24479752709884234,0.5313840242583289,0.3582458862033647,32.69532741180103
1300,485717.93533433165,59.08576230784104,0.3090156827667573,0.43165118673800834,0.24554519578800046,34.32006313413377
1300,423719.06833162036,53.19569470193747,0.2670790601640992,0.5243256227367027,0.30314338416445086,32.25321778697171
1300,382387.9044322433,59.61325662210428,0.2030601422261379,0.43517959445444243,0.36576469568248815,29.15196321501023
1300,370041.5927468389,39.36461693641553,0.32912052011314935,0.837121206762189,0.16540906042693765,39.98048682126605
1300,426960.3513547234,31.88243837904437,0.21731908946069262,0.547515236307252,0.2031265431638732,26.633142236059204
1300,452121.2791182849,36.790046388864205,0.3449815326556534,0.42900293364708864,0.19399327762832888,27.97460144435791
1300,391780.61313998926,31.5852791207873,0.31187965399029016,0.5020541270093887,0.22828988056546204,32.386589929023216
1300,423293.8453909696,37.21797790545535,0.4435978124801776,0.4942743529365462,0.28881585851821656,41.5626951685376
1300,455396.838083419,37.01180188085588,0.3508659543018099,0.33719025534283836,0.2863196505157567,33.379768963860535
1300,355495.76600632624,47.156314155850694,0.23098844588480538,0.3717353008573272,0.2612935215066112,30.50502119261354
1300,459861.0983532589,59.28544784730028,0.1090237094253719,0.3964603844903323,0.1674374203870738,24.85841309733158
1300,476458.4692133416,52.06279757147642,0.39543483290916975,0.6094327535282318,0.2616504251475108,39.98172934462599
1300,443184.52024729975,45.525862178980724,0.18879557456407986,0.6502452392682677,0.3448914001695065,34.36528616264283
1300,357671.48894014454,59.45382129130719,0.013848162989932689,0.5862709862182554,0.24093168017281544,23.11501156263982
1300,369457.7159135441,39.68188094072906,0.18597931433488418,0.5330316795009546,0.25540443872646595,30.862815363897557
1300,445442.31515435583,38.323953303484984,0.19139654469658524,0.5710840547397821,0.3531943758894593,29.805025023686447
1300,361256.5291827448,57.82968359498273,0.2629289615526895,0.4414230996142694,0.23643594274396448,25.435279529832535
1300,399224.02349814324,51.24313102630556,0.16980654298364953,0.7572901943953722,0.21301282355829704,28.136876943761518
1300,432334.6102747795,33.43107807186343,0.27648493533855645,0.8449892326883872,0.36136567367794037,37.5232846151209
1300,373625.27724398114,37.28995590217277,0.12236323611537789,0.6723413101197556,0.3428074277314841,30.306504320051964
1300,389565.94577563606,49.09824033896426,0.3749765553658123,0.5969795244817729,0.21850900229623646,38.23955235955397
1300,358378.4135359388,52.893079105825144,0.18024117109658427,0.6266511258011173,0.2765233356106954,28.626993230810285
1300,461908.4804438472,38.429793338808736,0.13830405998350537,0.4859776569180545,0.3211301854021606,21.580110869586544
1300,444344.79941160145,57.53193232414033,0.4752647554550939,0.6490856369710373,0.31159167850198116,42.03591101464832
1300,458417.4650383549,32.938361991256244,0.28362358958777983,0.4986922762489451,0.46077926035320005,37.69602882178028
1300,382743.4865753018,50.01639078142442,0.19891310821436825,0.7305408062307073,0.19711447233542878,32.06990568243753
1300,462253.6183952048,45.086525867747426,0.30944699918196383,0.5512962501827219,0.24548471224903143,36.84278018540572
1300,453073.2972095197,45.09795405707628,0.2891463367314843,0.45570444767406726,0.20869619225107933,26.960012548536938
1300,407627.2987543216,34.783881812820034,0.35603291782322566,0.519097456130825,0.2958689976138356,37.29635015623214
1300,435829.0724875154,32.64100342792706,0.3874277678919064,0.43217081848590366,0.18155788376731394,24.464050865515013
1300,405778.3147796698,40.14896266901892,0.3278332939570504,0.3848748002112223,0.19925352051795636,26.483898651304653
1300,395918.7198097733,48.81471207677643,0.300720706037637,0.48576933200433065,0.13300340921166778,30.129543590232196
1300,368316.21909677435,34.91170581745331,0.14592655037359178,0.5858701783100981,0.30407830846455386,28.272538866727285
1300,363071.8920059904,62.58099334783369,0.4842150658568264,0.7809395244415088,0.11685148853358393,43.07150342877201
1300,478114.7143374466,43.59448212453111,0.3970497980863731,0.43051717277898327,0.28946142350712795,34.99124153575642
1300,358862.54337673006,61.989062041725845,0.4196339485370247,0.5590479451775275,0.2365700744458951,39.18871404934365
1300,442934.6220599957,48.30170407117751,0.2335413327741403,0.42456846623218314,0.20458222853978386,29.074391610944545
1300,447759.67370717094,32.58583627423203,0.28448697104675996,0.7217102822589223,0.3594775515012104,42.45956936744101
1300,431506.3327963247,33.389711289438466,0.29389826489715914,0.565139823571717,0.2228315979514745,32.770845645094354
1300,379342.47399082006,50.22027448243534,0.22165989461033794,0.9171437474796189,0.16311411339100168,39.021920252279344
1300,362723.4675882287,41.62989924038771,0.3064589656943221,0.618669090422473,0.10251620660330321,23.499860646596993
1300,374020.0263663796,57.168592194589245,0.31169802340238867,0.280860685406748,0.14422432271300412,25.82960075353078
1300,470477.69701834075,61.66734235248583,0.33055801919024796,0.6572558495122549,0.31019069861701426,38.94270786905994
1300,396916.0185197405,47.81317513356022,0.3511513701919191,0.5669988036869231,0.21822445520663408,34.76108836163359
1300,431832.3984885239,34.67398791532325,0.2905984825914844,0.47041914992358824,0.1970204144540326,28.38806615572765
1300,376022.92909519223,49.576127013774816,0.21371999804267297,0.6470257299522423,0.20516409521645015,28.371724197593736
1300,462865.56816221273,47.43032803280494,0.259110090979121,0.5549416024419014,0.3414071378232092,35.34161821035176
1300,388976.6412099697,50.82857120397811,0.2515010275738276,0.7765508765835359,0.2499104222401688,41.13465952951076
1300,425923.1558993964,33.412276314960216,0.457592028854539,0.7697145146507879,0.1684191851694829,39.73464030057933
1300,425932.2937127987,41.25062050633526,0.17270475712602673,0.4726653082140741,0.19590026421091078,25.19654223190039
1300,364387.8963979123,62.34616204698402,0.16495785819446143,0.5126032679260336,0.1903106813645819,28.94994712527756
1300,456708.03440225887,34.161148213827765,0.22447805805829793,0.22125602532526256,0.10864304814959566,15.925598967501024
1300,472389.7026297247,40.72748105487087,0.4642660293436234,0.7018191934585993,0.25195589775358296,41.49080570528367
1300,363497.9173915827,61.36665206221727,0.4600047281319608,0.6006960909084672,0.3080823226431313,43.61804669118633
1300,393882.1422226937,49.47801409278776,0.27054312453383883,0.24806857650726816,0.07974643664113504,20.566644817295476
1300,458822.1665069077,43.40664320571287,0.3184366707175664,0.7841132179224031,0.148472830811215,32.171816997141406
1300,435327.7803170376,53.74210534537195,0.3028326745082941,0.35800607990987865,0.36279249738200225,32.161293851535596
1300,455384.85591285,60.61483208589041,0.40280535653991834,0.5436036557210615,0.24754049341915763,37.309784512001194
100,102875.09793157179,11.238071958325559,0.171574149108482,0.6849946700968138,0.051192090715430905,26.509779966630603
100,94866.07622278915,13.459813237372886,0.23043776691923118,0.731114516984189,0.0,24.06363542752183
100,83773.15631395373,12.977109663705633,0.4086003830959867,0.7266379333211525,0.21069762889543994,35.69785834434447
100,98265.90370904944,10.637486597490774,0.4890222710651804,0.6417524556503051,0.03868305326418649,34.17296581736982
100,102355.48314792625,15.51203418682623,0.21658792666196916,0.8498827236248193,0.15501537480942257,29.279643105775104
100,83103.07948055025,11.405697019295372,0.20374786160571745,0.4631580788309678,0.18482617638237553,29.660151249672907
100,82606.48055133977,11.846478394664768,0.21467563081723917,0.6494616420811413,0.10949313357791969,22.55854162732921
100,90348.62491577945,17.681230839926798,0.3557189270241366,0.7454367188605642,0.0,29.520171785717412
100,82313.73275521603,17.578833970577836,0.1737804068962751,0.6795508411318021,0.10105893382413363,21.13262193267577
100,95731.20438223389,11.983268912932116,0.2772955754863389,0.6880198503405459,0.1457487346109368,31.78354706236848
100,96029.34936246891,15.400465183747418,0.29868185471492836,0.716693408771391,0.09232931179472234,32.17818183354915
100,84616.8703061246,11.435496256756744,0.2380971493399875,0.5932235212781908,0.0606202328987691,24.115590872882283
100,82241.9742007233,10.713775541997146,0.30228437607490305,0.8066779816485578,0.21388475778120264,31.026569537828454
100,103307.88306623264,12.841160594979405,0.24242285235401756,0.6458589571312702,0.008933861843124585,20.36793821220368
100,78190.32593239944,16.587524168691765,0.21842105138449944,0.8414141020381997,0.11593904329993915,27.981797596271054
100,78393.9917822362,17.964141795922743,0.2504132882654866,0.7307790374132248,0.1348203165736851,30.971429170525
100,81967.81407821922,16.725910365658642,0.27077505976141236,0.5114682708915259,0.16165590256758106,25.43709207254297
100,86369.54204566189,10.67524878693815,0.07746457379922964,0.5489432248378796,0.18384236620938021,20.498967670162806
100,105189.91849782939,17.840076277262263,0.19775875685689767,0.6435014010669357,0.15914608205399228,25.991639334688195
100,82109.6623393781,9.865719000130273,0.3469409790748205,0.848579236178782,0.04679506237107016,36.56171342448195
100,105791.40498591261,15.396853815197368,0.13662289745802714,0.8594174572950076,0.047481111454502095,21.18780557452994
100,91590.2167824344,9.039272593632438,0.19777615204574933,0.793741744626849,0.18421155340924492,31.121798115457942
100,78896.21216471512,9.519234044997962,0.26317984270108197,0.5447794168793949,0.03496207802878555,26.551082719153946
100,77298.95936356123,10.755265208803447,0.32795294207714504,0.7344748913243636,0.15990511087859816,29.101803793395607
100,79299.45437242769,13.995092213459149,0.12512573892922885,0.7400258813963445,0.1148410645267795,24.1242664223264
100,95819.43035895529,17.250122560494304,0.30566166656775545,0.6948780284527027,0.13303131161779205,31.525846002770574
100,79336.7652321901,9.985385931307336,0.1830318571927797,0.7062198518791416,0.050111799229651234,26.40188865971326
100,98750.07266390821,10.317925571012816,0.3565685174720048,0.7644920625072804,0.2577756761555051,33.7132793643921
100,100653.13705733068,11.468209816962926,0.22724705846367796,0.730623202210722,0.06817776688478336,24.91453398010414
100,82296.42117282141,15.094583654969915,0.42767198471176204,0.7286979141560153,0.12163883088881594,33.615718766445426
100,79472.97131692781,13.664738482606488,0.18917602706627132,0.6068230710221962,0.3137410703805348,26.829855595540643
100,86081.89803730707,12.196838912364068,0.24484321605237863,0.7656000439139782,0.14438372173802508,29.91561693980498
100,93047.4989685442,10.03351206988754,0.16239405358894216,0.6256428420383185,0.026583282039979242,21.633086455438338
100,92952.13693874607,17.742231216769575,0.347666536997813,0.7047175679229155,0.16214461590921173,32.61691825294026
100,85685.2675329644,9.912915457689788,0.31271096001491655,0.7456027958858336,0.021035587637049075,28.749833335482023
100,90693.21527085945,9.645993837546918,0.31900914151753956,0.5358469267141764,0.02151205060254284,18.99519577622166
100,80670.34733054912,17.563879738352544,0.10779482338598673,0.6013797644310935,0.10690030689800045,23.132704320843068
100,100889.38046852422,15.33707001319123,0.11982202625864899,0.6752265089907352,0.1819805387000618,27.486486774876827
100,77499.89658329096,14.981761718335973,0.21937979210284522,0.8325394030246681,0.13431723129017592,30.14046292168171
100,89026.38366162243,14.656289671844263,0.3520882821002474,0.6341985354561978,0.10329648534252958,25.83466061459676
100,91124.08157827573,14.211239473791464,0.3516977048237856,0.75595945266045,0.0,31.216101175807864
100,77287.75326382265,13.313003516000798,0.3926984767226469,0.7102445657923105,0.0,26.910480325177527
100,77258.67152781588,9.556969293230187,0.15854237216726486,0.6924703979237589,0.14924682302890308,28.954684760647567
100,94845.00820902953,13.914486600732719,0.14247116197786253,0.8043713424597947,0.061221539076080495,25.90156189312377
100,85758.88749882566,9.770018769165539,0.34091596022138765,0.5618087759910453,0.1890927765393039,30.175685494627118
100,101694.5075426389,14.43876573419029,0.29851225588695807,0.7404348011272228,0.03249520171802216,27.582351620823484
100,84680.38349665422,17.497310819944193,0.36493768409578176,0.6946320478974558,0.0,28.63776438599032
100,102773.02474056873,13.722007584992143,0.18525405715204807,0.8973162052280428,0.029874814065344243,22.807442496260165
100,79579.43048222424,10.418413619596304,0.2830519528587595,0.8934292572960988,0.06076302714450317,30.073855961267522
100,88183.12424218748,15.964647851871007,0.21869577140737945,0.6017802877107538,0.18651603757028257,25.02352122023674
100,87100.44513879395,13.459422071418143,0.058318412823492344,0.5641616271907646,0.1768874788896173,18.176240865456233
100,86799.88004699246,11.862577323978115,0.42436218672915654,0.7922324518595643,0.05542635783575204,36.05197315661381
100,95760.47198056307,15.246405118675323,0.11411227540769844,0.8287909398146989,0.06750930836232116,24.260809052956038
100,81354.55017265827,16.69647551835792,0.20052515694742878,0.7664744207194388,0.053360489306874606,24.67216676997769
100,104889.48123362829,13.09432704600875,0.205861768763405,0.7181848954918318,0.14402029944269595,29.543583573013226
100,96886.11110514517,10.82410009080946,0.5588512194860284,0.7619150172121413,0.13877148090493618,38.24216612011468
100,97284.34866842872,10.244583013446963,0.1993830733307666,0.7777136772663473,0.08606603502230412,28.28777210078624
100,79777.55884190746,9.673033808046144,0.2338278996958753,0.6196005883746133,0.19082197853225508,25.91626605792159
100,103489.12185676422,13.71081463060403,0.26655154620167626,0.7934595660545237,0.17280811959518172,31.332118736097833
100,79499.13848960296,13.553779535200194,0.18261483118194394,0.6686482730750495,0.10151929493120866,22.366730944205575
100,83404.39370492619,11.695612412471814,0.2556205653089152,0.6662356009713158,0.08025409635907314,20.451137246209075
100,86682.50496006868,16.74690925459144,0.2151830209163325,0.7916937286602147,0.2350042431589311,30.627079916071697
100,102634.54662303063,9.77723707051437,0.27566343810815297,0.721310934030831,0.14314436423542992,30.190028855747553
100,83875.0752724777,17.86146638940837,0.33256709533036594,0.6033138200064649,0.07238745062056817,30.62179979026997
100,94238.12243405101,9.063768187529533,0.1975585107028957,0.5776498590199068,0.11324897201861214,23.036155104268172
100,86515.95652602182,16.910719851478117,0.15716758692109725,0.7582826751028617,0.0,22.492789263149113
100,93137.45630385331,15.226916937002542,0.26246972776513466,0.6693802989974255,0.0,23.38198121821816
100,103343.52034631131,17.438087328956524,0.1891752052800883,0.7750254316695359,0.07766232646306531,26.07242305891182
100,85073.92921071679,9.060442057470466,0.28248847188245846,0.9254054958391755,0.04648725279972645,30.244005813361
100,105261.22791835047,11.793263321590768,0.19993818540113467,0.5140891388386908,0.05913323527575876,17.327671536582645
100,89361.97882733484,13.974044081376729,0.14529082792335454,0.7700543854351537,0.14808734699314352,20.12428988497459
100,97480.89174905718,12.979337017180459,0.20056600498173058,0.7478778280842814,0.16599503116912823,23.130537328867227
100,91326.64277389848,10.877807993003985,0.12523722008562074,0.7851594238765451,0.23368969828505978,23.075430288417518
100,100786.62290913086,10.16222698528383,0.24596576134659875,0.43657795041733494,0.0,14.602395029714064
100,93472.64730013134,12.726248239191259,0.25655325808300505,0.7138157641009371,0.1755532694832218,29.254000471455146
100,100595.6100929233,13.469029353392543,0.23846650051926638,0.8277174623496618,0.02172472959668524,27.439786450679335
100,105395.02415899883,17.89145036021182,0.30250959739725974,0.925256377039797,0.16340059293380854,33.93829258881839
100,99269.95154123125,13.89016275681382,0.26071550728393234,0.5464895233389679,0.14209616144991166,24.231357758401256
100,89361.67755210596,13.553679767342917,0.4425012801735852,0.9378712360174707,0.10372105361717932,41.42373256924435
100,76990.61495458508,9.43850184077455,0.21710801296666227,0.6494395270425161,0.17828742909319717,21.735615186413735
100,94117.26411023298,11.05467037611395,0.3204190345123167,0.9329040327018242,0.15769802982398337,35.93682269300594
100,83201.12217434033,16.9729982562978,0.15568400756306106,0.6726681345302388,0.1617769181882004,20.730601668588122
100,101845.95980914733,10.030007870740171,0.1118836068509226,0.7589743107927508,0.26511156285253346,31.884916120388244
100,100273.4465910882,11.632209343259074,0.3436400417014647,0.5145640065365491,0.07574387066316021,21.31675159160462
100,91492.00569179948,15.399624185798869,0.31107421557961945,0.44349992847032943,0.0821742259394231,21.567420023708646
100,90866.50801303936,16.74660025678383,0.33893462537723495,0.8169702178103897,0.20480317542935603,37.45369576387206
100,89760.54673495206,11.763467243662578,0.2765528649116472,0.7107410799716577,0.08101922247220784,26.138307033313115
100,78692.93405607164,15.707530549391151,0.27414521596024294,0.8728975117605116,0.096656221769959,30.11518415274926
100,100321.21096324718,17.23624563370589,0.3094690211370184,0.6707766349930165,0.20577087152627815,31.837889395019726
100,86260.116491188,16.23494466277986,0.414811216182388,0.6782522758543958,0.13581720240760545,34.57325380790776
100,102764.71322811958,16.825114109112203,0.11061648479653743,0.6249251072318325,0.18605783739953535,23.934767382310774
100,83046.43753417909,13.51088220184618,0.2195522192253473,0.7535753225494224,0.09519262017958949,24.176482188806773
100,83216.90848824638,10.790610404338755,0.25403364055546906,0.6625278166472016,0.0,23.90686278778666
100,97162.35054076985,14.423010889731318,0.11764116985986109,0.5151574748981906,0.09102688799115329,21.864974858920732
100,84755.95580316195,14.596302460078233,0.28519307708186575,0.7565500549415072,0.0,28.503279851960656
100,96505.07727344951,16.96646588970457,0.1685830018013887,0.7212459217011895,0.12816023631501053,24.29069122685899
100,88866.58142210628,14.389725330903174,0.18509402469587205,0.8926580059352757,0.18391622930891538,28.41181613619877
100,92397.75868709241,16.240914056861524,0.13153153563376757,0.8240571329678771,0.0,21.333580871569467
100,98987.36249206995,9.466246040758861,0.290975121962329,0.7697438574393103,0.03389254585368734,23.372359287940743
100,82753.22895009296,11.675965734958789,0.23301255164202608,0.865753481867071,0.23412758385965574,34.621384026146174
3300,1035508.8240967651,83.414162096601,0.4350860903859193,0.6870849579982466,0.24279634309503345,42.646427657262635
3300,1126429.7137370436,136.08105653951435,0.2891632504095981,0.37224773777982045,0.20717134133706805,28.92937336428428
3300,1090522.1861568764,99.3598844050002,0.41450166893150603,0.8465454113544932,0.1862760104622329,50.448895105083444
3300,1195336.0542547219,128.92849859841186,0.24763522383001088,0.6243848320072686,0.11602740621618846,37.481289172585534
3300,950252.706941326,125.12571705794939,0.5300990600688736,0.6537770573552047,0.14987242215812116,43.025201881219424
3300,1220967.0669661853,97.0569370563171,0.17250569554212727,0.7675309883093692,0.2574596473897035,40.69661066424898
3300,1078991.520617968,78.64255014734684,0.3570135518366127,0.6967320260160164,0.048177828711642307,34.04798995610259
3300,1040004.2063821731,73.78400701163497,0.4145112687661121,0.5081405638749301,0.13364479315346406,35.124783760812264
3300,944049.2802158701,76.37975046009802,0.16472721383097216,0.7034110193044041,0.2753274891346053,33.47300650047031
3300,1153775.9938413952,134.46704632126983,0.382827396208103,0.5246907310546765,0.10932598751298912,42.319375139533584
3300,1168824.3294712661,124.57913488416335,0.354630996479414,0.48887063515794094,0.2781552701148751,42.69205732133934
3300,1040466.1023949772,133.27466307782925,0.28472037061542055,0.5847296029217655,0.16628401348097654,39.67833981906911
3300,1153272.605934854,123.0926047117857,0.3737338103793847,0.4384726406586015,0.0555328470668052,30.085664064081936
3300,1228824.5763898366,84.04496844510452,0.3226008235102997,0.4227230694819201,0.29384761196092957,35.2752649940668
3300,956474.7731321215,87.20594784209217,0.49295319745684396,0.6308033398851702,0.24825861302952607,45.07843078037432
3300,1194670.7811351798,90.01231580196213,0.3267149283884415,0.8298521629887432,0.10744504119232794,39.32049789641168
3300,1151329.658104989,104.45310632291668,0.3070527354105499,0.6377695566707505,0.1664925931837627,32.77511684249537
3300,948199.735623427,138.8050489316026,0.17656142375510986,0.6164247984827261,0.21903066736156532,28.578694062831474
3300,1164745.315015297,76.20583532793255,0.213898307209253,0.8368225724176405,0.0962232991938371,33.516044017833956
3300,1224076.7690533136,139.6707904243865,0.28667457977264055,0.6673849385543573,0.1909419293853359,39.253571915529356
3300,918116.746162357,122.72099673840603,0.22872812009574095,0.6512977250545006,0.390118792722952,40.97137328696921
3300,969374.4503164145,139.17456191874754,0.15612473729964743,0.44132563249197787,0.2826234284882171,31.588500836001902
3300,1132907.118158772,97.12830423999245,0.24379537411534452,0.4527877518538036,0.17596207417748624,27.737440347139177
3300,1117295.7079743994,112.48772359807757,0.40223602138344683,0.5721449171405572,0.1657142425684917,37.63935409996175
3300,962597.234727152,73.1218104030618,0.3970450355570171,0.6801837412269157,0.16823412003931165,35.97845891801563
3300,1109151.3468077546,119.95916785686522,0.42691475019668074,0.6533930475053545,0.21642387507332608,44.94693038164512
3300,912342.6886067636,112.61317096261129,0.44351087610227835,0.7093473606228777,0.17193776672432104,44.752890860737736
3300,1182387.2579190272,121.3797922289153,0.37820878908348793,0.6296408048981008,0.12113984077997442,36.76606618350169
3300,1079836.5885639493,124.05124790581831,0.3570994715424948,0.5464553682783285,0.14095840787504524,34.79380493813993
3300,1106149.3828089633,106.26569529534203,0.19125071762686985,0.5090865930549303,0.04332800856373217,24.745738475909413
3300,904839.8770424615,121.36264073552955,0.18332420670097624,0.7079999597315679,0.12184600328558745,30.76155435440414
3300,1101716.6694826358,118.989219538174,0.33220424442543134,0.6909332113123424,0.16180634953954748,38.17215336340932
3300,1037921.9245113893,92.39802042145143,0.2228144815499115,0.6476437922752776,0.037061872492407166,29.749427601538248
3300,1169687.1315262723,87.83208307692443,0.409032057298639,0.5921945192737429,0.27357969447884134,43.89878756822217
3300,1125202.8121640931,74.03180631676764,0.4250423554403577,0.5472643783983732,0.0724880870646933,37.32656176671772
3300,1105869.0259302536,90.53190545001226,0.2563678724954706,0.49122827288674037,0.2167920213046216,33.31026425512097
3300,1237167.366065674,80.63129764488048,0.1647577085011045,0.48656921377519485,0.28813450982880856,29.54247249505561
3300,1139605.9835388323,102.13820103992643,0.35426225230787056,0.8137472313097881,0.14057048417404788,39.23092343317707
3300,1185314.1726669741,143.05623858273657,0.42222017089664576,0.42274284418650865,0.1663013804726139,40.249163131027665
3300,1072277.6983979275,109.14187953500063,0.3450094608913287,0.561707311133643,0.12010003008152659,37.67546370959333
3300,957636.8149555264,81.6117001266133,0.08748533159031974,0.5001886590884628,0.19272769937512046,26.08793949053724
3300,1122633.2715973875,98.95448402118508,0.31951321370065927,0.5367776164815388,0.16035988082115993,31.838154493273613
3300,1055424.6759036041,108.81402864571405,0.3437193276856044,0.6220010656798105,0.3048280743899566,45.10882251351468
3300,1079790.5366733982,109.3465244372124,0.34362457350093517,0.5747137225107884,0.1536757062361427,36.6489047206028
3300,1210799.8949746205,96.91206244113702,0.3735289709169869,0.4649731787544198,0.10260079380998123,30.329431363946995
3300,1206293.2304159005,81.99729984605975,0.4931099165589297,0.6338170258420263,0.22625239334916172,42.67100812883189
3300,982319.9581175772,107.79052765007508,0.2117261829701373,0.5894487108696123,0.2036826461634094,26.054008119265028
3300,955330.3915314189,77.25897178284664,0.34060145672153785,0.9287404959729967,0.24930929879880318,41.96919104029382
3300,922577.0458402416,87.10276756416575,0.2146192480453142,0.5581956764119114,0.1873221151391089,31.0385385888957
3300,1138718.7021302942,139.99458377935974,0.3091826824011046,0.6473773525375308,0.08282653381531507,40.53881190117246
3300,1028202.6705208127,79.6321794614359,0.1784241715621683,0.46889348755399046,0.21338966424254632,30.051731273793912
3300,922309.3507770414,96.83033782502143,0.35175369016730584,0.4768321855061768,0.14078893214084964,34.4755973365579
3300,1071833.8988092444,82.43874239019426,0.2376822017912038,0.6383464808068033,0.07585417982231218,34.06035865110207
3300,1061992.2606649548,82.0366115847112,0.38237188955790646,0.748293947159297,0.11954826268598459,37.15350066643737
3300,1019925.1695903029,88.86424868719642,0.32378957772553707,0.5128970135175432,0.08275977129234438,27.7046845305073
3300,1230438.9125095657,143.73108453161763,0.41274938966718444,0.408180176158406,0.07055017229973559,35.23317244172989
3300,923998.4459649221,73.01711339350953,0.41423171465004943,0.6795031355737536,0.05821486155135522,43.18157067431676
3300,1186172.2120161776,97.71232290455654,0.19051247359843995,0.47425917373562154,0.09675193161267961,33.56578070465939
3300,946986.9933447323,82.9775886464438,0.30242508806873825,0.4415492223786708,0.0010459601019182918,23.99937524342142
3300,1086823.821049125,75.09623405328368,0.3721375253976228,0.6474207771378583,0.20584666063503204,40.25808260395211
3300,967818.0619125693,123.93145050651977,0.351251375942153,0.706602902980158,0.2432060439577785,40.009130762559124
3300,1116904.9529004642,140.17624496163057,0.24437345917093317,0.690630213117132,0.2081047740790334,38.60072240654079
3300,1112889.940936471,97.56432509724178,0.469972978034417,0.6563672807682058,0.1854480770750175,41.462179456070416
3300,1175668.8881093764,99.27666410206383,0.266217674122235,0.6843630550854494,0.2789640433473975,32.78473196274046
3300,981020.0921095151,106.60031213752211,0.3444546625192085,0.5951886105474676,0.12184045020741224,34.07886505454967
3300,1080593.112882131,120.17069496890151,0.3525962113433505,0.35966235137690045,0.11921056597240678,28.9894835209146
3300,1027907.4733510115,140.64625790304697,0.48095256365144,0.7608305281142195,0.22135923777289135,45.667733290841845
3300,932156.273152618,114.20186077252302,0.2505226880971355,0.4746700214029881,0.1305556474571834,30.90380784020573
3300,1027125.2410753043,85.03270924825242,0.37345955808934367,0.804095131011398,0.1265329305316238,38.796240705482575
3300,1115950.9277106354,101.27506634654134,0.4244333588749676,0.6930275024220857,0.20619288761580318,38.21913871561841
3300,1143692.485997625,91.7425729651248,0.2694082221382308,0.5253590971317974,0.09008225900564526,26.85902169605503
3300,916379.7342070566,116.42564953156037,0.37834414357446366,0.47590666325643477,0.15560622632486704,33.57042589217527
3300,966977.661694851,85.42478111000959,0.45116604137066463,0.5705135071605361,0.12803170323241353,40.356069807478264
3300,993231.4086820504,137.1738784473693,0.3773321256536874,0.8686597999697309,0.2943829961976334,50.03623722117006
3300,1137708.355797306,78.87480566106366,0.26619808195743144,0.7399545967838984,0.2089280417474867,41.85323884691588
3300,1158085.762654924,131.5973282299215,0.3670955352187505,0.5864351554954339,0.30069756986580626,42.550542553155125
3300,1001181.6308496217,134.29320874472705,0.36953809159387985,0.6434175533525979,0.07147201192487088,34.12393259592906
3300,1236289.0724633746,99.73778838411215,0.2856175986027497,0.6761652770508004,0.16648566749402094,34.4735971845185
3300,1144339.7940986427,137.42047962108086,0.40872576617448403,0.6713942949812162,0.12203409374496735,40.569683578510265
3300,1065305.3713727903,73.4665301052752,0.2806813053857554,0.5791485132765407,0.18737416860214665,28.72816998369275
3300,902602.0566574953,110.08607305773297,0.2537369524914048,0.5820797715514203,0.16677856239820504,33.57023671644584
3300,1041757.9056691243,121.70938383208454,0.4389413456524525,0.5880945917728738,0.21192825642386026,43.05248956759327
3300,1205516.6305760634,72.45537460126094,0.43658170031798194,0.6856152554933386,0.22709884983049167,44.97606848847136
3300,1188992.251578692,92.17656783339392,0.2847925430597205,0.5245910665563761,0.19451451183602894,33.036679251871234
3300,1076892.5686319475,101.09912656415587,0.3406001225771215,0.3341663861275835,0.1624324808592992,35.137148447612354
3300,1164406.9613838764,93.24432650260599,0.22842017014911242,0.5010452914554464,0.0,23.50503943759825
3300,1142472.456330219,136.7148162482581,0.460767733948376,0.7032741026804356,0.18622853794138433,44.91281897009161
3300,927082.6692559036,130.09208019771276,0.2681729961081542,0.3940501587018538,0.14469484048834538,30.65448115806976
3300,1082392.2484725749,124.10484023337798,0.2734644484879695,0.4578041750058943,0.2241563917044479,36.46755063593075
3300,951639.219433429,135.69192019082018,0.3936279453232864,0.5736405993673731,0.22519525228374515,46.69862347598378
3300,1149551.820663141,116.23877962834796,0.31483206203894837,0.6930902760539891,0.0,33.13951089238314
3300,1133297.3353233295,86.57894485760733,0.4058771034737758,0.6670218217929075,0.12857731442874204,36.26327381938981
3300,1126268.5315070257,85.35774165349733,0.46269431432122987,0.7169589228840243,0.12348995983073659,43.06112689305982
3300,1006891.3921491083,73.01481447325362,0.25000152191896025,0.6428055166843143,0.23974774485074357,33.893549018708356
3300,1083882.482338201,84.70495101808076,0.3286144399006085,0.4827304522641772,0.2613741878096164,35.37578228276242
3300,914271.8977113431,127.65578588578276,0.24472169368883373,0.5269076227412015,0.2906297791232587,37.47822212110904
3300,1177944.5461589505,128.37692415289268,0.33538859684054545,1.0,0.2028099073073818,41.07577867154949
3300,898202.6346808791,133.52326101831775,0.3594320156381097,0.8393314193617287,0.17070405725121968,47.88473068304086
3300,1074907.093270848,85.44634241122104,0.3876069596320771,0.49933726685849783,0.12518057542567806,37.95245456358287
3300,987676.8968829949,140.8454938838617,0.45524230127991705,0.6547214618530954,0.07346841919540133,36.59496661525831
3100,1003598.1875884985,106.20964006183557,0.42744329789313956,0.33649805354234125,0.028992480370984897,31.59596948818591
3100,992755.8060364205,125.89012492656364,0.5561518770413757,0.3728464121724662,0.12589252759937555,36.9692274678215
3100,1115867.7907841706,88.49914933788051,0.34290930041554807,0.23869474940050228,0.15279484679844538,25.64177800288482
3100,879235.9653685456,101.77755176976353,0.5704507551606156,0.3095058057364967,0.0066392869517611225,34.811236334618435
3100,1033845.7061777149,125.63955645669796,0.4899524756045135,0.25588854406077766,0.061794105454288456,35.08200583144882
3100,968164.3724462998,114.00348974662526,0.5076289191718211,0.17960191315659785,0.22220241533922191,31.02141337954562
3100,1069361.652988354,92.72250037027068,0.24591411493524803,0.33819494431837377,0.055272058624407344,30.239707713784995
3100,949055.9097155844,97.87139365417809,0.5889560258580062,0.2691218537681193,0.12070762453575565,35.6943749569828
3100,1103824.8948619082,79.29116187609299,0.45341777157245744,0.3360737768117444,0.16431010562230655,33.85230463652201
3100,966208.7532783234,116.77895410528365,0.5879832329754389,0.4451424842931463,0.15819284587488705,47.150201981687935
3100,1016338.9172496614,75.69775692198671,0.504251544353555,0.6925231346657508,0.024601445857401774,39.428185840733526
3100,1142878.9407314216,69.41141292832778,0.6450138984175019,0.21979503800405592,0.19239348149551072,35.54505898448816
3100,845120.4824390148,64.14855759830597,0.5907758805254198,0.4475189917578496,0.1679667615832302,39.85204471852647
3100,1146106.3188515322,109.00346531412706,0.5140785134252642,0.3037361823533973,0.05211800197178869,33.961867383746274
3100,859247.2383237767,74.52290059116099,0.4473044163564793,0.3258412551946499,0.16006505068368887,32.11172945958178
3100,939170.1066299581,122.98864570076145,0.4066573015218491,0.35788634847989426,0.0,24.542184735000056
3100,1155602.217022512,104.54643832534511,0.5617574196933156,0.4813363879630962,0.09044357297410013,38.042784704173386
3100,929443.8932173104,90.21386158980793,0.5367775520526181,0.2194621445843194,0.08179181653334565,35.82909766100116
3100,1072530.1476327183,73.69090673123752,0.4315887067882836,0.1474501008105116,0.03338345421705474,26.136116429102582
3100,910262.4091396293,83.16660025085245,0.4113103449348747,0.39194207602203407,0.10084010915306028,35.85786912732051
3100,1071405.715682833,72.71734819198949,0.19607920825043362,0.3957431040335123,0.08290040497619705,20.97240636600637
3100,953964.8555550831,104.16389756896669,0.38199308459715897,0.28435269132965635,0.15310779086497905,28.47543156353182
3100,1096751.5567649328,112.03306346931687,0.5781333856464519,0.3089732146962614,0.15608698269630578,43.94538950981801
3100,1136206.7933446257,100.51929585915813,0.43118081429489197,0.24679561445674478,0.20769138930842718,33.52897302800325
3100,1078680.264238605,66.29376668174335,0.450027010408818,0.3311533617483857,0.28733352715163907,37.501889292493075
3100,1003220.0356313364,63.140817899086024,0.45378799944895987,0.30521400292217493,0.13967578475169365,33.38759282026028
3100,960451.0669158319,100.30905043015171,0.3957919202805499,0.18627763972329892,0.3619025162097913,31.178102973746164
3100,1130586.251654174,82.4119986082849,0.4616468415051422,0.1880129339172798,0.08460216457199912,30.496077286609964
3100,913912.4280437724,115.21046496920387,0.27287951616081374,0.5204274203794815,0.02464949512464998,30.40562351505756
3100,1133851.979284517,118.30856792504444,0.36450152190916185,0.3181907813783427,0.08232628714841121,23.60504009966057
3100,843594.2263857764,97.94733001569666,0.5621784150984588,0.29026714121407665,0.08121596803982103,32.348449594109354
3100,945805.9955130311,96.26273104333464,0.22448244415259566,0.3488555763849931,0.16152823983654574,26.974073157257386
3100,972002.4999647229,89.51743706664878,0.30354676316864115,0.17673232839748088,0.0599441650796671,21.303666563530843
3100,1051350.6956679237,73.4284845973369,0.6454692515411247,0.34229549966264566,0.14711956083798608,33.17741124643296
3100,850182.4088543112,103.81769496789391,0.5468740531923558,0.3537971646907655,0.10566672054292693,32.12757701527642
3100,1152779.434408047,115.19530774087868,0.39101186684461947,0.16364365645289633,0.26172074259893974,28.242676967997518
3100,928205.3946784042,117.46037406151349,0.4367654326642514,0.243307174551309,0.014049423353848928,30.086169720841113
3100,1113815.3505503123,96.07009202937185,0.3807985050767786,0.38667289766136026,0.08956537912143905,25.87916462513104
3100,997767.621396757,93.17185969203032,0.6097027859850983,0.32188670576686507,0.22247553670243395,37.838775759976556
3100,986858.7635987792,101.9386518093776,0.4750297672664839,0.3079179962301895,0.08284705446150556,32.43558001611852
3100,941615.9213863761,110.64734821167008,0.40344132204114,0.2177271609170085,0.24376715889052875,31.93490083331706
3100,934754.0522995417,70.19856951996799,0.4744776283798657,0.2933428780492398,0.0,30.43704340346309
3100,971691.8381172902,68.34080879465141,0.37479712775384405,0.28021867421042823,0.05065181120613162,26.974314025838
3100,1058792.2937414069,108.62407721019812,0.5858184147104979,0.43876095562788275,0.18122740289090283,39.349510880913726
3100,993721.8791573689,104.20030824316667,0.5227533693625799,0.32047823301000616,0.008759005309552412,32.23353440941175
3100,852841.2565506919,86.0646567196363,0.28446274960128154,0.36345929920615355,0.15023701008272589,26.981268305449724
3100,1155994.115929584,80.3172558273762,0.5318070093274486,0.1322803342865786,0.04300219170551316,28.667583914210546
3100,837530.840903521,106.0464267146303,0.34797367078815794,0.3121568466183916,0.033781091356218915,31.153352951301148
3100,844969.3601977072,108.6187560455049,0.45067345341016224,0.20776286340462402,0.10024913153381737,32.351076338969456
3100,889209.1600457543,114.25217262357398,0.6969196036692817,0.22537968112747142,0.09857643410598538,40.929038723057104
3100,935770.663101029,99.28026728776062,0.4446625155571489,0.43035911002476385,0.07064163969961779,33.431828754960925
3100,1104357.2813746582,75.01049366617752,0.4185063359242855,0.5912001310477644,0.05463930794063364,39.43257625998279
3100,1113628.9574543342,112.8078938105028,0.5386826328799204,0.2185980145390627,0.16100759947449828,38.18525348230879
3100,1046543.3534059251,120.50242477441095,0.48893053911044104,0.32588384566631423,0.1166464231006137,35.54632542729145
3100,905791.1027067739,75.77147053744905,0.3858984084012437,0.503251948891499,0.03596640453211623,35.93197645734307
3100,1039814.2513065571,88.03469734075331,0.3596517462776159,0.21176840858876014,0.04241455493905397,23.276051036713465
3100,1116005.1228185678,83.2752376908851,0.23476341771457152,0.32885056249537087,0.079982811299499,19.64826211257754
3100,1056768.0681820316,82.1296434759024,0.5296943690028215,0.21587510112146346,0.24812571023163407,33.870096475926964
3100,982367.2226332488,97.60703918337788,0.510552520522431,0.26851462431477996,0.10645259943829075,33.80172767771038
3100,872567.764543662,119.67484141515023,0.5454627793652306,0.397094098606272,0.10723098659834619,35.27930165490653
3100,943101.1527046724,91.17353479018271,0.4818359226574734,0.28345413732693164,0.1259941662852981,32.377586575206045
3100,894239.0933909675,106.45437385424991,0.4688710963411218,0.21550080749105807,0.23451816911419335,40.6757493401702
3100,925841.90873273,65.45440373321576,0.3001104720389858,0.29907284626731817,0.1493069575147249,23.13179059173548
3100,1111856.6094375837,92.21338868291875,0.5190557318274254,0.42694017217546876,0.14178667209026627,39.47843937824839
3100,871947.5840729657,118.57135494301664,0.4521198643512366,0.0,0.21942643070945922,33.534708427713596
3100,864043.4431622628,91.65046542596238,0.3822459987093101,0.21738574588749424,0.14866821208112288,30.06231471730558
3100,926089.4826851225,118.11852362977312,0.496238565885032,0.394979871850179,0.019441305970452072,35.90384332932358
3100,883313.1095201707,104.58741093456793,0.37659265318564716,0.33821736801558966,0.10180258979141302,21.223733364102046
3100,1076942.893556448,110.88452223724305,0.4678891711705181,0.3770583542759115,0.15567426786707628,37.2801473260115
3100,916605.2054895518,92.71230027995267,0.4937673300193106,0.4253390272860682,0.1490074399757279,35.67739831789818
3100,992749.6141150533,88.21335733412567,0.5260945525881117,0.2576284402298633,0.18409426978253834,34.82800969828734
3100,958603.8726067634,84.56584539359916,0.49676148265676884,0.3607062077442431,0.24012814981049546,37.70743818383796
3100,949755.39581467,73.54350796659608,0.5348516105388504,0.48550757757343777,0.1392057210113664,39.588266058468804
3100,900079.4954574204,98.71653878286145,0.5257118368674445,0.40424432102780194,0.09122706570661542,42.0431023153672
3100,1013768.2091932859,91.14816971550586,0.5242604959235292,0.3052966675998712,0.11567398591696734,35.265885983958135
3100,921397.2026956045,113.66944046498719,0.34421237354691253,0.4556468635789391,0.028785221828105723,35.89464537776488
3100,914038.0059340245,84.62548823906415,0.4077317015147673,0.22007810232475244,0.07593464661329649,24.387557087703964
3100,1044779.6582200453,71.26591252509388,0.7231288709159551,0.3709058488189964,0.03152120405286239,41.989220658281454
3100,848858.5988493598,67.51000003557071,0.6339502002822563,0.34662620175350584,0.07681693575896313,33.915062345815144
3100,1009450.0988503818,75.39038805616266,0.27400911280435547,0.1121845926599519,0.048284387510058244,15.668142066274967
3100,1159062.6896307669,89.15259846856077,0.1356333697975256,0.1747305870492641,0.08225122818228645,15.540604489213576
3100,1002133.9553575441,121.08375305480219,0.5380923463199199,0.2977220880382966,0.1166156219461921,34.25932752668247
3100,1067913.9038524611,76.50376252771034,0.46700243142545705,0.2716500440851574,0.04442976534467198,27.80626458017879
3100,861412.0082668375,63.38166137920586,0.464549304703531,0.2899412974197644,0.05059272501893809,26.124400639972727
3100,1161734.6173865516,82.4427665843934,0.2877232669733475,0.2569671175753643,0.16535765276669787,29.163867283038968
3100,1080993.5780682182,83.09060668695068,0.5804330132660478,0.395429161448851,0.2682291979950858,42.332434389474535
3100,1147976.9117650827,80.27647881059335,0.4053874391647117,0.3669862290657045,0.13212135773983827,32.86620806247703
3100,1083729.5745509043,116.08690216224372,0.5298912927591022,0.18725247097766892,0.03236850486271706,29.41124308406296
3100,1074511.4889149491,114.33084695664608,0.3878605506452882,0.2221052254034091,0.06328327831633265,27.26153705929801
3100,1058654.6283407393,95.60283039679359,0.3907074129679601,0.4328591142531954,0.14344613226135333,33.26666769356858
3100,999947.5323137165,77.89153273076602,0.48610011036314404,0.38594348876552104,0.11248865387853076,36.59443696075344
3100,1066162.5049003037,104.88893177961307,0.40101477914108496,0.082489396011763,0.1414687190414818,28.65465904899638
3100,1132870.713306487,112.56942637754177,0.4151413034045013,0.2031904498265289,0.16413826152350244,34.688932062132174
3100,1106041.3289148477,83.92940506318173,0.36171344854523996,0.22997719454507515,0.2509140169873332,32.059833195980346
3100,975331.5440730269,118.37252907570644,0.4654792244523838,0.0,0.04748208404212946,26.590455239659615
3100,1050500.4828724982,71.68767369195382,0.562948231294792,0.2614157058415287,0.0353876163101708,31.323609597871123
3100,877793.6161815837,113.75192465881443,0.4208226280846922,0.5690205360013183,0.0,31.667657173368692
3100,927720.1637710886,64.46540772767136,0.5399825832128283,0.3975909214463567,0.11617963052091675,35.45979389672947
3100,874520.6349207701,104.71941448029821,0.44216269718742374,0.27744010781798406,0.14019594516739142,29.52863965354243
3100,916596.6554072128,90.30544459703593,0.2751481970516476,0.40396768804291194,0.14002586345523704,33.99471887410094
680,232182.77776200135,27.49276454161103,0.3391149091854643,0.2701846968533507,0.14835077285426976,24.121106780783816
680,207897.46595779012,36.0599492372964,0.6857473075464706,0.2861349691422429,0.20850889205045747,35.30024634117213
680,254979.64036589058,31.361282014163,0.5059753610818235,0.07022675900223435,0.20807000989416735,32.92539060599851
680,217936.83920975772,38.06985074369657,0.36594939049681613,0.32847373851075284,0.061038090156818665,19.680105846844473
680,204198.3718643351,33.72365079960347,0.3928554596952395,0.25378788007478975,0.05212925191501429,23.50096989597111
680,192288.68651851,42.28727953395754,0.4067969971163625,0.06319408574367,0.0,19.839664312054683
680,250799.79570581825,31.21634091969796,0.22743651748553673,0.0,0.1386442874403504,11.523984304769156
680,211422.52267917662,31.6783033735802,0.43502124978585266,0.3515408155633435,0.04420290894348145,26.878352288541553
680,199030.40073286704,30.18044974929099,0.4542676346560329,0.2482799194585707,0.15791970702075891,33.52821969027371
680,239831.96696533487,36.67022493131067,0.3395366263457554,0.18178694995387035,0.07473573431422526,20.028516792038392
680,228701.12273040743,38.79810213396303,0.39602377685718265,0.2709783192424968,0.0,23.447885825604722
680,221549.43785357225,44.63596125521114,0.2621898658465976,0.19347996865008998,0.02621473069436684,18.824438907758836
680,199865.71618756783,38.050470327094395,0.33495795473268053,0.19568572724152672,0.060355986783945124,15.88916970023841
680,244909.2608025479,27.825390080947265,0.20526948343101833,0.11949974562862598,0.01507199590463143,5.859427056758509
680,218325.9914212366,26.0791144836188,0.2982011276232319,0.39405044798922406,0.11228704562248823,18.868074928033298
680,185824.52489302427,29.660637478914072,0.28608439244657197,0.2448148207724782,0.14945414237813348,19.148949989879743
680,225166.72867266292,42.138124469896454,0.4024549832403988,0.21143889639553048,0.06390481892041998,22.12043697037949
680,248621.41261665308,43.06510587264677,0.5211748907196156,0.07409302059597542,0.02850020597869997,18.429085866995027
680,228803.74962641497,29.988120872758508,0.45952860603380397,0.3299544739015773,0.12067002600143581,25.589491079902707
680,233849.16427449597,41.736265394187,0.36674033392284877,0.5084161512605053,0.08765563020770048,24.151043395974533
680,208817.6110420766,33.10085554062126,0.2800989607484988,0.1250652236861451,0.04445524382434532,17.348168462138055
680,186731.4814360392,26.249313218140674,0.2901075434409458,0.18504227734772216,0.10176008855065508,20.029668248118362
680,200375.11193106917,31.56388514985079,0.3651227318798698,0.27712715069224303,0.20741827648156547,28.28640566921617
680,219767.2971722626,29.053423501072682,0.2532758006513234,0.11774355648837709,0.013312329354408292,15.401211638209496
680,246368.70041829598,41.39851711943673,0.5255158416704723,0.28698101064700987,0.04434563551574321,28.095994459650115
680,225869.00616384935,29.74738502401341,0.4182928753538958,0.5027488357243999,0.17924772369544578,30.50675835206245
680,227510.12627460464,34.30789088250191,0.39051553930714983,0.15695114511875757,0.12003716199880946,26.199740595217435
680,200789.04688162747,39.667281059993286,0.41023103338088607,0.042511462390929844,0.07589257133240244,18.94174168545578
680,199997.1768075061,44.97505984697452,0.48279382674472077,0.27245703841242586,0.0,28.669344517522063
680,223481.47436722854,31.987992482630826,0.43229092304047234,0.4294848065416034,0.16452878792332853,35.93514223789132
680,226628.54257606107,34.86676074059806,0.45363014322082734,0.20369934704660542,0.02653839957557616,25.07526608973113
680,249425.1823032843,25.76056852931265,0.30464291853059733,0.2944729730589144,0.03827037301134724,18.990127218727125
680,204614.66040320712,33.82148633022479,0.5889379546017355,0.41620715524583685,0.10835831639963653,37.75442079251477
680,218441.498172621,27.524758233643663,0.3170181617792471,0.24070733588413573,0.0,18.011982451222085
680,213352.45308275573,35.580404419875975,0.18749898750969837,0.3230668619892437,0.007672866708073572,16.28238468711278
680,250527.5269607252,31.867053496465505,0.35118912246613987,0.17204732408780027,0.09006688441766662,19.515949716703382
680,254630.37458177554,30.698034105041533,0.43395926232551846,0.228627583981644,0.0,20.44264638690708
680,223816.4878583801,41.891064737439216,0.33798015454460845,0.26778146534456976,0.12493294462421883,25.272937589265943
680,195360.0184310477,32.63714562401234,0.41958183878814614,0.04461527497801321,0.2320432204347288,25.826417869695387
680,237390.51903606896,36.27337220346407,0.42756367823290775,0.1906507741406071,0.14618021209124019,23.770909449931228
680,187439.51426319487,39.750785717226435,0.33227020579329686,0.30144973449442547,0.16619828341757464,25.26687596309054
680,223051.92289979075,34.971708043790954,0.31072677907619917,0.21904574881107233,0.0560411287366708,19.875824357006653
680,204994.78839953773,44.47304977777502,0.2409350301730582,0.05181688057127709,0.11397475625646035,17.940467864106992
680,186447.83203371847,23.746321388594197,0.2729047162594441,0.08061552945085779,0.2139545345916236,16.45382069305161
680,249960.97392029778,29.676815833109448,0.34895591510927204,0.10713131966640277,0.1506729739272472,19.643940958029713
680,203363.75471972075,42.62150856331671,0.29566498163826854,0.19884380943834384,0.0,19.4161684996303
680,183866.0012767421,23.912173753438566,0.21136950720166206,0.3894239633036257,0.14564794359981248,24.27886380181954
680,250682.087854549,44.802000692465654,0.25287559650930946,0.335565707824544,0.01830697903200438,18.85357714150222
680,236884.52142930383,30.743373485463536,0.31757007917823965,0.295128823803496,0.0,21.75181259550007
680,196051.56865256565,23.55428301001099,0.29507031640861925,0.24964004278353527,0.16156056481610592,25.115969554608178
680,230573.47319238805,34.38707390028575,0.32692875247987796,0.25374141383975546,0.07857210893660867,21.298170575903146
680,185217.49472234675,41.98883469339924,0.40344074959855275,0.12418868289585691,0.1441436727920358,22.62782467985165
680,192339.99172795535,37.83624408759163,0.4358103612659216,0.0,0.15127278519435666,20.734577916683357
680,237386.30655357704,30.251359162744805,0.395115641426599,0.4796543248082108,0.057812943296506526,28.40106097972237
680,195746.88256095743,32.83148332363842,0.4069958589411375,0.3517421951560149,0.0251574709717559,24.460842676081267
680,215814.85501109422,24.14656553807159,0.37791812144496706,0.3352329851765412,0.1843785359857216,22.847474341355618
680,210383.11482959572,32.59645918686583,0.6030372990759104,0.2865603398946192,0.11838418560412622,34.03231903196987
680,190651.81084074834,35.119385391068725,0.37472423094655755,0.3790846749791673,0.2649464900514264,28.253851642937647
680,197378.37514222407,22.600103058199416,0.5606199160016491,0.3750826380435621,0.06915777457650812,33.48388397007801
680,234471.16366045448,31.613101346272003,0.36200981758914463,0.2187908152654001,0.12870318172234055,23.005350342213386
680,193503.722865539,35.208638171162164,0.4795355413793077,0.44757916905805994,0.12683889857968655,29.663246891593808
680,219970.43769018186,37.193930647194115,0.46539862322351155,0.2705488989520686,0.0,22.51396700885283
680,202029.87507497845,23.89813164301224,0.5481735594542128,0.307580684428266,0.18985399343109183,29.904135487429677
680,214061.73882538776,32.01538352305624,0.4011929533196567,0.25156647108105284,0.0,22.400004881843305
680,209908.62971637663,42.427415701020934,0.44613501119857063,0.1802417821641754,0.11750956820335079,23.897827056244708
680,251882.67172124205,33.53396438834176,0.5078988640142379,0.04818330920467845,0.08901529603324322,23.579445052003624
680,224822.00481963705,39.52055116699973,0.2695983742772079,0.4452677369996286,0.07333338984027085,24.98747656290369
680,254011.91853043175,29.309924753582166,0.31243712675032603,0.1723266491095221,0.11959450436186389,19.761155676783932
680,205529.17436746883,34.98357150847279,0.25197873388751907,0.44395381042764714,0.09414301102105221,17.089322322763838
680,238035.49135491677,37.53374572933121,0.29005381132194963,0.3719587843048839,0.2585428916393913,26.41386927676675
680,223156.99244784872,24.58257612161249,0.3043504186423638,0.4971719079207688,0.06490010385085002,19.035159724179696
680,254906.85816595535,36.725164584487196,0.33340476042407086,0.16971458509914134,0.07361229087154085,20.749710317718232
680,208372.94581124163,28.145540901432707,0.29227721255252415,0.2774763922797268,0.12932061939742426,21.8823819309856
680,212651.65753792055,43.15370628651457,0.2955191105693413,0.2627783433523218,0.12091191969394975,26.107316629740584
680,193972.45416993494,23.425947001179004,0.4936966541914342,0.25855535361969245,0.0,24.864539098891623
680,238281.02495160376,30.235645084361643,0.35216672385006054,0.1377120160978778,0.0,12.668575870431127
680,233227.52603992945,39.9510763250992,0.2999474315842608,0.2027317752586837,0.0,15.38778265326585
680,245628.44839237226,23.45263763870646,0.35629726923899985,0.3144915724166893,0.022880392221225676,23.75755702212352
680,231165.15576101263,39.346594189853874,0.460155000234392,0.3610773545672911,0.0,28.81236024677373
680,248171.13978654318,37.14623827699022,0.4387161779116363,0.25587097896161876,0.05797526301103563,27.158398196229843
680,229624.82126417142,40.929273924316256,0.24135433554477997,0.18501089658468667,0.2435858598781317,19.33963065398485
680,214148.5590672423,43.916230095693045,0.4335845672885824,0.16164821318293662,0.06515112521543599,25.410317023516797
680,185757.6511478464,44.933093136881396,0.4822229315560357,0.37659473136631527,0.09124327959344322,33.04296565177545
680,199050.92881828238,38.735532996724146,0.43248776244068265,0.14488907031019177,0.07223526993006872,27.05938942640097
680,200592.23521696785,26.751279385399247,0.478519230672962,0.09932077524453137,0.1189729454260536,24.844531249941866
680,223718.07741136092,43.42909339675734,0.45231994472697507,0.35840525181769656,0.11977089923088752,28.93466898022284
680,205889.65718412524,31.761997129973775,0.24928832143655122,0.009595704471976524,0.13925141678744593,18.493404719195293
680,211032.4514288008,27.02710120783214,0.33806826753768027,0.3208373313466359,0.02710746171090867,19.486807549037398
680,199772.49854988593,26.176872994655916,0.35599109894128683,0.48704117414146303,0.0,26.719854109023352
680,235529.83115739858,26.746482472716657,0.4298431236175066,0.29552132190167363,0.004408830591819207,28.222632256933586
680,211074.3369386935,30.451656970194556,0.4480307817224187,0.14230951350742807,0.10711508179696547,28.13453979674699
680,251476.32997123396,37.03476285456775,0.3259670634161288,0.24494967380363358,0.1295652164900434,20.103697247389356
680,230583.50696142568,32.465566420056085,0.49882844031026585,0.3929860975180174,0.20097148464975362,32.52325677473458
680,250997.85932006518,27.094244391945097,0.5350990938778469,0.33556831382219043,0.0014035793065926838,26.790544462225768
680,252181.87512279593,39.122086947328064,0.39735700452593026,0.3787040037652234,0.14072297159880287,28.905276766420403
680,184017.69161889557,32.5260006682799,0.4694688522397207,0.06680969719747792,0.027608348695202227,25.59143045840632
680,196326.76462498808,34.43398963691634,0.6022589404664901,0.15228549363120614,0.12212458003948592,31.192862861913657
680,191183.9258140775,24.990634874373626,0.4303742502451328,0.4525084144967704,0.16819732114944463,33.57155283596572
680,220612.37821557556,25.681352131749733,0.4314967287151789,0.3857709244603275,0.09504592274392298,21.38423131145827
680,232358.67843473327,27.173941545815584,0.39196016060941263,0.1698099310654515,0.0,18.86972236280989
6100,1663605.7490922497,224.87211454406432,0.44351966488975736,0.23554035015544883,0.17931488746540106,39.956099638525544
6100,2210976.247358144,215.16553661594645,0.5868066498851172,0.0,0.09539441900756768,36.25232250423328
6100,1798890.0038738945,187.11427820743702,0.5137624605207296,0.4308352664507262,0.07408620208571592,40.88378754220858
6100,1662069.7543418093,146.95420060539527,0.6814675348928969,0.2006387607952529,0.2425516980691941,46.64865072098514
6100,2207372.8546914347,182.93049869010858,0.43759585601207895,0.20909498599572235,0.17178891672160196,42.319534823218845
6100,1711782.22813633,179.0423633339545,0.46833771949381425,0.16990609589866726,0.17939812908664426,36.4753834243543
6100,1759755.7463916303,222.87509275728092,0.5379358919667112,0.38330384777087056,0.1916792246650048,43.80954210727677
6100,1922045.676825289,140.57518297798754,0.47324874780847415,0.39252919952424253,0.0,33.314529709522866
6100,2258400.705922038,134.795140967571,0.5287310602575993,0.27449057847689085,0.13499587478892267,42.66923103743593
6100,2184771.223099867,151.50965605436954,0.32369144057660704,0.34260038460307246,0.07503237439629669,32.37967509502014
6100,2263042.982366879,112.61834691304367,0.5236270770589013,0.3386901244998102,0.0,36.60529852247761
6100,2269294.50800361,145.13038253702925,0.5777216536456127,0.35446042910097053,0.05719764365533005,35.70931684370368
6100,1871322.4409017311,119.73926049467956,0.5612344920098451,0.31502135045361274,0.07930188908900501,35.068270301290546
6100,2076368.464702482,149.94929535908025,0.4821648565489098,0.19518511306360053,0.15724304413631995,37.64811762595965
6100,2244423.861682777,132.15195055357216,0.600639047761975,0.47449400007837766,0.0,44.533420787678374
6100,1741815.2774756907,211.41429962624747,0.4061455452690767,0.11904221381812116,0.05285833127488031,33.98993533699491
6100,2276118.846336791,126.91825544764244,0.49942324538172167,0.04041307730713026,0.15822289202481515,31.614601186332486
6100,1854739.765646931,155.76345755222852,0.33977252726490054,0.19591687967803098,0.2036762150627412,31.45493718149636
6100,1960543.195971171,145.64487440111327,0.6757766466680822,0.07644768861382649,0.04196845938974081,41.90334876069417
6100,2011982.4484126014,113.56151935811069,0.5624193114217355,0.3079077286173332,0.14464936095597233,39.79730380216009
6100,1987525.9424343212,165.93721320536704,0.40247636882473653,0.25833863720916606,0.16454238644384814,39.61744683356131
6100,1683864.641022103,175.11249551860638,0.4702855262769858,0.14260674343901664,0.13789375126534412,33.37813189150208
6100,1830755.494164597,192.4748643070676,0.41183723175236986,0.2762491161221948,0.17093520603248769,37.450020668141896
6100,2034881.4477224527,206.508741643499,0.501650517620031,0.37003332989487764,0.16459897872183588,42.14190891024718
6100,1653659.9840172452,181.63844339571685,0.40141250250074545,0.11334532757256914,0.0796399157274708,30.510894442045554
6100,1916825.715533251,146.66157192486025,0.5783759767397799,0.24229032548120483,0.051944269778453046,36.03187787288163
6100,1815177.6613730793,187.7281608198847,0.4506975744617582,0.0,0.012747202050457221,27.064234027732898
6100,2149120.987121662,202.15928159048983,0.4486548012950891,0.05296031821008812,0.11368911188250165,34.56702401886357
6100,2212805.6471296204,133.05686417303727,0.3458927003498605,0.1256055603328579,0.06741546621452124,31.92742988824569
6100,2231053.748698226,135.32847559442254,0.58120962126846,0.08149786641815666,0.1542722300237307,40.27062537824146
6100,1985419.2687009703,114.23212368306412,0.48396233640547365,0.03080558119826665,0.13641621797097137,31.603669723632223
6100,2067917.2302706807,212.83742270720435,0.4280914521111538,0.27321566045565315,0.09652394923928592,34.23661852404591
6100,1977427.8014845955,174.27831489962773,0.4105716978117948,0.0,0.14517938067923258,32.9094141207327
6100,2202685.966516533,154.13059806003676,0.560235283889252,0.0555179703396729,0.09478707054874472,38.587848501605166
6100,1691731.618492089,114.20888677672552,0.533749313881884,0.07938723333855471,0.15748973003128425,33.16271938499834
6100,1989295.3389109022,124.3761145328389,0.48270668871600714,0.219697683209171,0.11970224731950868,31.425850416283122
6100,1681404.691375517,208.58498399612375,0.6624785039899794,0.49871050028280295,0.1357936568961903,53.11926291648681
6100,1912518.0094298492,172.83494496655777,0.6341115611681286,0.054453123854977276,0.0900533743320879,37.95265517021629
6100,1999589.2163458567,199.38008286083905,0.3436185308678075,0.2745437071343483,0.18998367721369905,36.11970635137481
6100,2285422.6491489243,205.45263238493948,0.4154227205274106,0.32317108166566627,0.13099966782515687,36.12582274071454
6100,2216286.957367689,120.21301305729534,0.44479737318405776,0.21895200186016348,0.05485494097910065,28.982791415534372
6100,1838332.4177461236,214.46023391243898,0.5065771675187661,0.22044065249681455,0.17477456503170644,42.70026877320883
6100,2256946.098968887,130.0388950410719,0.48117774787080697,0.11405370618664826,0.12310706813275009,37.70114183670982
6100,2057138.167830232,193.45218690328448,0.5632839132351608,0.24541603271515827,0.09296327592150584,41.74610819770182
6100,2258023.025742067,133.10328890810027,0.5229456474444663,0.25634436404189914,0.17370641583021482,44.00605475807809
6100,2129223.357242841,197.96317919864956,0.5770981589193149,0.15310748694400148,0.09142310648382107,41.67662958936186
6100,1681049.7304960932,139.46464134462616,0.7534992746099831,0.2227707873395183,0.15300785203402006,50.43494585168436
6100,2041744.6950213637,152.82082040648578,0.5402315391356616,0.0,0.15392185618529575,40.082106459710715
6100,1984557.6225717664,139.8151046525937,0.2228044369374072,0.3125598734064096,0.0993081099190208,31.829013395736787
6100,1703122.4747558872,193.94181894972192,0.5363887003821574,0.2701793164471536,0.06706591101287507,45.49266373567268
6100,2119411.1262635216,139.90146252812514,0.6129580854227459,0.0,0.0,32.938318732013336
6100,2089396.4327401428,204.74886912511192,0.5393415805180523,0.0283696060109159,0.16217027674204226,38.14903263980232
6100,2228101.1770386747,170.92981318402997,0.3050198824346968,0.16012854124555112,0.10059079793042607,30.532349394074267
6100,2008468.293100914,198.0309695272142,0.47356563027343296,0.23434339310651803,0.18016255946481985,40.366719851156326
6100,2130546.8405985073,119.53707595619562,0.4353241083520429,0.2627455600301125,0.05558192446638359,31.580905352307468
6100,2155428.245184673,171.40805657377703,0.46718571678533394,0.1390254809101176,0.0,34.608566148866224
6100,2188555.5202110047,190.792530270244,0.4468543097693205,0.4274460350572001,0.06962112417202936,34.97245742919717
6100,1805954.0879979206,189.75647245028077,0.6532627892393128,0.3645280868922394,0.14805961303078063,47.386356747236086
6100,2065479.825569242,149.94750944433835,0.47309741687733475,0.3724710896523291,0.1527128467584698,39.252642717130996
6100,1774100.3951129639,165.75311398471484,0.43881951165402044,0.0,0.07771233817550365,30.395775629215642
6100,2216531.1174440444,164.50597803153173,0.40050655561836707,0.22722476216152848,0.18102509641562986,34.18454638121814
6100,2200135.8447415857,224.4219079093435,0.5867181814112012,0.0,0.13062765670921161,38.08700054370715
6100,1976036.725617498,177.90828483288558,0.49920890098752735,0.14449006231321077,0.18290993940471836,41.493785745264205
6100,2117404.868229541,185.17631894671948,0.5016750709071742,0.5815837386588216,0.1121077546925393,44.539142718272274
6100,1771989.873254791,126.93344882898126,0.6147377681799809,0.039745177956815314,0.0,33.14168443011593
6100,1953025.075817174,131.13193281079506,0.46638753973736563,0.0,0.13618032981617548,34.72631062906733
6100,1790150.866797966,147.5502905693206,0.5765695525892109,0.3358779131056815,0.14668200734666736,45.63802717324852
6100,1748231.2114616209,141.81404809786605,0.3181242230876081,0.01987286796541826,0.04111936798481827,25.18727642864191
6100,2189728.073659489,170.74572604584336,0.6117105811456032,0.33781943582964213,0.030209191336496577,41.40222284115818
6100,1686153.3822116388,172.03232466425945,0.5321791369048495,0.0,0.29289952317117474,46.1541238428515
6100,2211529.4651392708,164.79800143401272,0.46525688295138057,0.21590232629936695,0.061030735168189826,35.47845471539337
6100,1714122.9198963447,220.6318939758768,0.6203782153025447,0.2702167348953292,0.09565215478927425,45.29651108071499
6100,2144783.458753434,202.26758818262277,0.5116760087872566,0.2204752500342898,0.20483436006652142,38.20801011999835
6100,1840650.7633271322,196.5214826028411,0.38161321373600265,0.13786399967624358,0.09552504047516619,30.426475145255488
6100,1676422.646646856,211.21345290970748,0.42720195146358847,0.36496984198767857,0.1901288278903354,45.68727134194602
6100,1800598.6536265707,174.67440256166026,0.4006672873275313,0.24704364776690277,0.2818127192714665,41.74057868318613
6100,1741620.1443075545,179.36132003857387,0.4529991280984652,0.032706098749590296,0.15608288214976854,33.385079759713875
6100,1882941.678401146,187.58575975325203,0.40384346088781703,0.18200772794389203,0.055010529366144735,34.56090086598976
6100,1922560.0901246152,117.62782353759876,0.5572395108029352,0.30600794827189126,0.16168289734078445,39.905471345004905
6100,1656245.4911799636,147.24705992796686,0.543846362477666,0.24100290631497973,0.06938717913086385,37.042983577063126
6100,2141975.9459083453,139.5735160011485,0.3109627752291242,0.2609194122666461,0.17722736897942204,31.138589415288017
6100,1989952.8562382131,117.76555595424043,0.38905789695607584,0.22503702877844087,0.1161854544446684,25.912754256558333
6100,1749654.5235572702,151.3070810797574,0.5926376747833246,0.10751848883934,0.09722749188696166,36.893236601390164
6100,2074274.1934954023,150.3611635373351,0.498870915303917,0.2575679018627014,0.21512600667889764,45.27913363709708
6100,1716321.5947940142,166.86702923494693,0.5569707881522697,0.19559513652572058,0.18072895250040444,37.164360418637884
6100,2018924.0466801687,154.83158373920978,0.41585398469053525,0.16701750751634192,0.16236968165887194,38.81076199459792
6100,2011555.5798261862,125.87152382665087,0.6199170468677206,0.3446648677376344,0.01704048762730255,41.20023417078472
6100,2148406.172307731,208.5915719707192,0.4392470959044584,0.0021120402368962066,0.07700230943553311,38.136529416420494
6100,1724168.595551105,182.93651007853617,0.5177230145268111,0.4937363304311489,0.11420169804136411,48.25673964025026
6100,2274034.293665588,219.23689558558635,0.4497874871059521,0.12235428327095277,0.2024984451010058,37.53517052213547
6100,1744154.6377631128,210.49715923421596,0.49490241346947483,0.19281747227649784,0.16260145445379187,46.33779366379027
6100,1726705.439074836,163.79829556808178,0.5897194418033062,0.17182407270626981,0.166296912490318,40.8589952028772
6100,1787975.0573434539,144.51334529311333,0.6186891344599081,0.20308093443895991,0.08266453967552637,41.07979207358366
6100,1985626.5023003882,224.62504179097695,0.5454531871868811,0.2061677425180511,0.073768714989503,39.298017188798056
6100,1923598.6447267735,168.98993872139602,0.513542598524553,0.4061719995487787,0.08082289771753587,43.47865086349313
6100,1732935.1197990428,116.80036259430834,0.6366679178718283,0.3949397415148107,0.11626916197565684,45.451463841021756
6100,1745966.6705740124,157.85361590072552,0.5313965152499215,0.2069917264701785,0.11102029538217037,37.591654700560966
6100,1831977.083295507,137.94703874488448,0.6707362013671554,0.525265612261566,0.0036506441172765025,45.035228165871466
6100,2166364.8084717556,133.08625502177273,0.5895780511037257,0.2709503530457926,0.11376249094243747,39.74620087079302
6100,1769908.2812963235,208.81779328036893,0.4979905451624203,0.009894039335377691,0.0070951836221923165,32.93361307891814
1850,594995.1627250207,67.5141386805947,0.41110612000739427,0.2292414012237043,0.08131466511587175,29.784005756466758
1850,619208.9002969181,41.868023097495374,0.16766828564772096,0.5512013870309974,0.128913230019443,17.355111474813437
1850,526617.8411389788,61.43800544106713,0.41953771478606483,0.23302047436875126,0.23414151377740033,28.02674493270652
1850,687289.8647571121,53.61109109994157,0.42805411094965,0.2761970594435543,0.29933098103189926,38.27255809951356
1850,573830.8316158961,40.68141785930416,0.34326573471908467,0.6789163164530432,0.2977084903450674,38.242495037965355
1850,525104.4946788588,52.00145113170651,0.5026303199986439,0.5025021256040538,0.21410340968771674,41.90048338771399
1850,565876.0593602333,63.258684581952615,0.3503705350797474,0.40260032744421903,0.15483942675090506,27.193394954749458
1850,555346.1540987524,41.87422180290697,0.49984202756503227,0.4252080887319004,0.2563529334844879,36.62030229241536
1850,685375.6106114204,46.759096429779945,0.3018559977109491,0.4717151948905358,0.1603339796950378,29.19771928550722
1850,518124.6001984359,43.376567110710305,0.3186057545252148,0.33405775535130755,0.0824113987114292,24.40445483393875
1850,677903.8102541158,49.73842547972159,0.21172383939071737,0.4770140072446083,0.1957325630202618,17.67347365726001
1850,581573.9407657235,48.11371830234881,0.40452422044284564,0.32958247085951,0.08626170068410409,22.142758808898463
1850,633403.6851691982,72.43121023030098,0.4204576417057551,0.541600661703792,0.20375809570395984,39.68155904258036
1850,616532.1281024682,61.96425502289492,0.19887773135040948,0.5777364552983014,0.18678406726956506,28.09846315350487
1850,582661.0420069096,52.20769515053253,0.41135855160113755,0.28963078945776227,0.23989086938014764,33.8827237650286
1850,583182.3026315328,51.4313390185021,0.12977432310214435,0.49160168984924507,0.3295548126458634,27.248732678897
1850,640920.6513877483,44.940781753557815,0.28641974434523687,0.413648904731323,0.2435045798334325,35.57075575482916
1850,525932.046573646,68.9920358946068,0.34381167648726046,0.2886726236060034,0.09242042029468699,27.980996812365866
1850,528387.7710313917,67.05821407498962,0.29663657508406505,0.5496748257047798,0.18733606612402198,28.07903483466687
1850,631076.1367056099,43.01864560072291,0.5489359558581611,0.43843418237298154,0.2515611270945757,38.29899523404345
1850,645184.2218531849,38.71233246918123,0.4601192533379198,0.38751218503220597,0.13035744218164677,31.292343304671512
1850,634623.7372448423,57.502050031310525,0.3999022600717744,0.647141780262382,0.2283000382697996,34.52590078304994
1850,527848.0071573453,58.68935423445492,0.25366679295304556,0.319932445247322,0.09342833954466837,22.574221317068755
1850,583755.8130718366,54.45923595305756,0.09072834845977312,0.6966572230342343,0.12845823966771555,22.56957074022005
1850,514086.1121879973,50.70310479878471,0.129715061749037,0.4934549971131237,0.11189945433510143,23.95475973311321
1850,533934.1298270922,61.50272510974044,0.4211463651567547,0.6674440669294542,0.14514347031416214,35.83475598721
1850,686664.024968495,72.65858703399732,0.2981154686718822,0.5057339948994505,0.2813617445134553,36.939335273905975
1850,568850.6103308669,53.602212278613074,0.34559148628922026,0.4110483724923582,0.14331908105448654,29.540013386445768
1850,547155.035139023,55.58222961218634,0.36746118475012046,0.4185303769755664,0.3956782889150423,36.38179256114083
1850,662352.3794168992,54.49822781130573,0.3285755456629089,0.46750463739391196,0.1439019205894852,25.272750098745973
1850,542485.8330204666,54.79934068991361,0.23718532629079325,0.3920209733643232,0.16505635519137363,27.987959205484483
1850,627009.0262710975,45.38119359346169,0.32356343064865994,0.4156423911855823,0.08386356689876812,29.601955248514297
1850,662403.8742686226,40.74896971107438,0.32891702866438327,0.4329865024559524,0.21360364228485088,32.1469807791154
1850,639299.3708967994,70.90422324287611,0.34795044378271694,0.3229635278455565,0.03323153978767468,29.525176016733027
1850,655773.0284485526,67.35061470343481,0.3855376210670096,0.6854406796610697,0.19656471336346043,36.244734520218415
1850,600798.871665127,56.23407668844147,0.28224908831193635,0.20273652634508252,0.3029673807957529,25.230705130128605
1850,567370.2555722562,69.32308111089888,0.26985612202448034,0.308403398206479,0.18365124507709737,20.92755158686658
1850,633893.7028191255,43.226013506241635,0.3145552004023717,0.3258770675887562,0.27906701929692157,29.599432433279492
1850,544352.52302066,60.01223970066438,0.3022581378592291,0.6437095313249876,0.2437567612012831,34.88760280758662
1850,663940.316896615,44.41076483380838,0.5583210959059034,0.6091354884044021,0.05223283312637575,41.96620461279353
1850,644463.688272435,55.105857438744756,0.37442782822759085,0.3578645328322277,0.20273263548326312,30.530296329952865
1850,669086.2550218939,64.2678455325994,0.4345675368453322,0.21704230552831913,0.16950757538380568,29.858306514078244
1850,684951.4291377467,61.42214061003089,0.3565974503106003,0.6557256384427923,0.181589104551069,31.456586264041004
1850,552648.0662119203,53.744645836346464,0.3279116793449141,0.3953129986991387,0.18888705498359198,26.812394338222393
1850,600519.9608721191,61.47776213593501,0.3636699203327212,0.6288529936920629,0.13349074409621559,33.51653103908796
1850,606997.601829775,45.212514624884214,0.1869342377750599,0.6192915425174645,0.13805184792894534,24.775624957330255
1850,557015.0781986556,45.167803313023725,0.47131232504654663,0.5692661524173509,0.21669327191711865,37.9367684364128
1850,627427.4482857308,70.19961988964572,0.28383756075361805,0.5584877939160312,0.14452693350661183,30.332813767855473
1850,689135.4533986751,42.31418115211934,0.42587280206543343,0.45286373054274986,0.1761673348571752,30.696423691484842
1850,616267.777019184,42.5005951942685,0.3373762992726735,0.4512344072804971,0.2691668156422125,31.884705687416595
1850,530791.151969148,68.01293890055477,0.326231636159472,0.4294761454058722,0.0946686857073592,30.97725580792644
1850,686410.0414537198,64.65909658975872,0.34668739406379895,0.3918426972461152,0.2981227796485276,30.909709535822127
1850,583805.4084394359,65.94578228304692,0.3004751379806344,0.6676483284377663,0.21929117536000178,38.08894654653284
1850,670057.1862193671,45.108442305225616,0.2928550429071735,0.4763327950343918,0.2741248055373647,28.23400829609756
1850,515068.59551735275,66.85716437420345,0.2516419503073189,0.38242799070236355,0.23816956303035763,28.420065445827788
1850,579366.4970369984,42.617311133019314,0.235303727173357,0.5014563861400693,0.2905109409566648,31.552701590295072
1850,597966.7203894762,52.07008239211057,0.14715305811684548,0.514418094791744,0.44815086429958906,35.038998550245296
1850,662277.5563819676,71.6582026160849,0.5145332668197962,0.5669961413320962,0.027551449713315967,36.94679249924548
1850,632311.194491867,55.074084612802345,0.23453980867282503,0.4838195549302337,0.09754501989271465,25.10949870507975
1850,629122.1073661468,47.75809925724365,0.2642219998008152,0.38442623309424107,0.3188920516688396,26.77670582660913
1850,543200.0821343196,64.23268957376284,0.16282985136005634,0.2998463239772776,0.20895673931555026,27.209367308887792
1850,547969.7741743963,69.57418754529006,0.2782499577771773,0.4214385932544145,0.11363386237301985,21.522486267208382
1850,692151.3485785878,60.27028998705519,0.5597510614044567,0.23858196468765627,0.17230703450922413,35.567132269880425
1850,567035.291955889,46.75548339859479,0.47214722002075704,0.45938745772282047,0.24402104567521063,36.50683432769409
1850,672091.8566989271,74.02553064170344,0.29676221507007666,0.33960238667115644,0.27815713203429704,30.854213638281866
1850,628636.4469363812,47.28772908009737,0.29969974872812455,0.4835784318022949,0.4051610654634207,39.04770230401187
1850,591193.3081766736,54.074142678202776,0.37395836441455216,0.6227202925453652,0.21317500958557747,31.10413051688744
1850,669947.0956256405,59.22224576874091,0.1664301309572897,0.49552069995410875,0.09102004161060324,22.01604993346603
1850,611262.4407462208,59.57844278903737,0.26561449247956614,0.5246710497924247,0.13564017443660709,29.223347658937033
1850,590689.7159325005,43.10642821543594,0.32650705717517275,0.526971958168046,0.2007145498488559,37.67656846888988
1850,586654.2679650862,73.83655887153904,0.2920380032323775,0.6367219592339972,0.1848904920556419,36.95629583993807
1850,599135.016440124,38.48984432934544,0.2659376292835855,0.5790762481534635,0.34771518807291524,32.996378490637596
1850,586657.3950864563,39.399998598107636,0.31535637478149,0.6553707358718989,0.11966123790958368,32.89979875107667
1850,672830.4848340388,65.35749691183156,0.5620370249042524,0.39594736346089765,0.21010249097900557,33.16033119540419
1850,506401.6865771376,69.21696892884785,0.4184954556655008,0.4888168900190806,0.1953956270027265,37.25096331272518
1850,662645.5794206404,46.51067112592443,0.23289100142965932,0.5114275094459092,0.3659561115847566,31.395166533193844
1850,669553.8780800314,42.92195119225434,0.3921450740555338,0.44156616935827797,0.08804754253740632,34.40832961208407
1850,584616.1329786174,72.91161523196776,0.3246771297382553,0.590160406239191,0.09863292774960196,34.3440971729599
1850,635341.4289785807,71.18783648259108,0.2542607273925607,0.45288928877806944,0.08947366611767378,24.21706611598092
1850,585663.4336818889,60.92865037989189,0.32509652940561967,0.3144245522044738,0.14813132691000597,26.69744514616091
1850,645057.7386827414,60.065958639730695,0.24976922333494017,0.412227366009841,0.07220579030667504,23.049923076375272
1850,667302.5831397201,73.75265905020285,0.5390730176101206,0.4385582593804733,0.19712170430468035,39.17625142800353
1850,693656.3929026495,67.62560750335123,0.34510135119390484,0.6283246672218177,0.2771743515330894,32.732161283565574
1850,502884.81649025966,52.27673236875583,0.47421386186275805,0.4185222569302806,0.1276437418963164,37.34790369264356
1850,667719.3549010139,41.460179657546256,0.38406220284912096,0.4746790705063207,0.2720517666284352,38.75013948144945
1850,598470.1040480128,47.12312797269532,0.41086824129137883,0.4701181757672042,0.29913376496704236,41.59908063150769
1850,547069.289742319,69.43685633754248,0.5121924127955231,0.4490189031692013,0.16371587381555067,37.55860387659163
1850,501934.9644800438,53.546764518373124,0.31781272898100554,0.4898035894457513,0.1982633232089838,31.662455933785782
1850,631056.7145345187,63.74798195357386,0.31246049330797687,0.5584590826331421,0.30310659138487916,37.97478884166078
1850,523207.78510210844,47.35927770483166,0.357796139746004,0.3017104825720858,0.2538183502798197,34.23283009745228
1850,539533.7413046882,68.18452592451992,0.4211150156934524,0.47990046015458154,0.21309778040464147,32.84294570491158
1850,677557.2928515143,38.463891434072785,0.3452282981829569,0.19733528661492195,0.15645425661818008,21.98277621581511
1850,600688.6970857236,57.19105484460675,0.3158486185618599,0.6568672593748635,0.25297162251924826,35.87723681944192
1850,564077.4080395696,53.40849813874641,0.27320445662598486,0.35770437387073745,0.2808419216261371,29.003933554265895
1850,656108.3478155108,64.33609634159691,0.36180097531291233,0.2132754930967398,0.19674029137462457,34.0583714732188
1850,598570.6434221556,49.52550976809447,0.4751109482312179,0.6238720829701024,0.42400687487314614,48.54545603381635
1850,506505.1813086667,70.93881792094516,0.2940763566605006,0.4629223583393963,0.14818178855373493,26.80415727440817
1850,542757.7304328415,68.41816017147482,0.39134732931055044,0.43347462710633194,0.045798309142660254,25.83401920393611
1850,587119.8407900286,55.330812667306695,0.3914423329478638,0.47627266164859633,0.28522234973593596,37.69576315739651
1850,566112.3277983535,47.97899897698025,0.3709679309091489,0.5819222090745186,0.273553023339208,29.511926256254224
4800,1789532.0279845074,146.0705014869921,0.470953682585955,0.21330514412179227,0.19221463019852564,41.48151870426891
4800,1601412.5383082374,137.84221898975835,0.38285548139737313,0.11305417053270128,0.08125714381381083,30.369055872513457
4800,1611893.6301403078,146.7300048370768,0.5679402424726602,0.37648499153964043,0.06532357361777079,45.1963735206997
4800,1494357.5267417894,130.45114444625943,0.21657552173667816,0.13516667812130762,0.10044326742334382,22.86967688768488
4800,1313424.1183123887,125.05004164823589,0.4342313891207531,0.25773627113232067,0.15025194222062507,34.04416106951313
4800,1726458.2177995348,138.84192399426885,0.49925636533544104,0.04116165215986939,0.1369243134369023,34.54876328825719
4800,1695425.800695648,143.71542341366566,0.6170066404219655,0.128679544754211,0.07028906870500588,40.64815424378368
4800,1343810.4631760388,90.76153671803978,0.6487490577922496,0.11222400462346482,0.06333778653461733,29.53804818510049
4800,1304480.373054274,152.27293280421756,0.33969999184715616,0.3087551372646883,0.0,30.353818438525888
4800,1698559.284571158,97.33355821246197,0.4858281904456168,0.2061091937142963,0.16756566877731838,34.56155863244331
4800,1754574.2232434999,143.19745397053703,0.5383169022656192,0.45618846897416576,0.16290589346332635,41.86793317101306
4800,1709153.2389589108,132.8247053414512,0.476462000718701,0.23277128240342032,0.019358003375768776,31.065108886235468
4800,1556260.2694582,177.94007284149748,0.5641710649013854,0.27674789956046053,0.15758623847450998,42.15999190392191
4800,1487854.115561627,155.06159417684424,0.5623642099611651,0.17458748785814399,0.0,34.547800919727294
4800,1524325.1616004673,135.44749954428187,0.6683748122624984,0.3199295728789719,0.10652242233851915,41.417997606235666
4800,1589229.6490067847,154.29078913450675,0.4859716212259401,0.11928902558340382,0.21351248389562433,36.59990762578656
4800,1375683.3016275894,140.01409194672573,0.550965076320628,0.21991373047332696,0.05724235026299194,34.75443597685394
4800,1685504.1601067293,169.64730012740455,0.45462422652372536,0.08967258939335132,0.10621124612217357,33.39888556727044
4800,1440039.408463741,105.11426158212761,0.5748002262735898,0.3341878566328562,0.144218280071981,36.680851038102695
4800,1391806.5492248011,147.07673005046928,0.4406843492661918,0.25235801141638836,0.037097110267801395,27.38345802475235
4800,1312834.8413839405,134.0899012793909,0.5819406120864795,0.19307024855609867,0.03303730774208871,39.478235253356296
4800,1671324.3493655776,145.79736125547822,0.45969261389938554,0.2241323950404902,0.1857305471911258,44.19454620134652
4800,1377812.6171541652,126.06480067928986,0.2293662470579917,0.23829961252998916,0.04248423745043492,26.235426779116537
4800,1795261.3562124018,153.18941107377722,0.4887430093032009,0.14069113429600522,0.08622518709639007,28.65592453977419
4800,1397716.5207557748,127.5786212335643,0.699274280083532,0.17290879843498763,0.08901176104643818,45.729000862539294
4800,1366312.639010648,126.69936575969166,0.5579933841729284,0.06779618229520107,0.0,25.483377999872722
4800,1405583.9283986562,100.11106071524217,0.5819340920174441,0.11964153305422259,0.21946412497006046,39.0954900163849
4800,1556873.975889519,121.90613905605213,0.37680527779157985,0.32484115917749373,0.060144606125250404,29.615980446170624
4800,1516703.4055425343,141.05320342445134,0.4674840596996246,0.36396158833796305,0.03717539258914139,40.08395805325014
4800,1637647.635956523,119.54167452893932,0.3983489378093306,0.24987841209560613,0.06078431092175842,34.668445939596275
4800,1768404.8972015472,162.1642532894443,0.6190524704955642,0.20141724011897827,0.11474041779236427,37.23527517935288
4800,1609661.8477822521,146.53736333354126,0.4562426693015871,0.27995267572179305,0.0,35.688719742462276
4800,1762846.793820073,101.15103112049792,0.4414815923473334,0.08237525088606568,0.13678642451718614,29.04831409634017
4800,1646674.9663914805,137.43882802552162,0.68313003205774,0.0427641417308241,0.1734516980166267,36.15936733134726
4800,1793619.4424683386,162.76044703435565,0.5595747906711717,0.33113648617322294,0.2428102241572712,42.047160151110276
4800,1673864.5837409429,156.5886514349641,0.36315085664776137,0.4267869214767364,0.03774605725777073,33.25956448184075
4800,1674592.2706466515,143.51118346052777,0.5525072040862067,0.28958834579127524,0.07545053499517615,36.889525835889415
4800,1427300.7722170362,105.21327118856675,0.56960047866482,0.23272334689346433,0.03613321770089385,35.830445245437986
4800,1585247.259960205,155.07639787329404,0.45461401416458136,0.10490544343828528,0.23880591700114204,35.192736140673624
4800,1330195.7865836136,140.71225464562332,0.4699682026838927,0.4158792935075758,0.07169359699460695,37.23843198993695
4800,1488845.1535842232,143.69224098422623,0.6768425328513845,0.08219297071719978,0.14145479062276015,39.39816178380461
4800,1596077.9608394105,170.1322201488823,0.38322480824015803,0.3798811665322297,0.03838975338874501,38.768050457020315
4800,1441257.0267742958,132.94983698589235,0.6154885310725683,0.2462098300944243,0.007668085153045762,33.45678649943324
4800,1586500.126643388,105.81362934319161,0.32378819875274556,0.17248418417274702,0.0,22.375323043606343
4800,1581948.9228241746,143.78743520638585,0.5355693382113711,0.16319984085613218,0.10521352530913851,36.93656091554448
4800,1309678.539277627,140.50957705045093,0.34344727725315616,0.4324127346900245,0.061823469684410784,34.812401864349674
4800,1782651.968003641,177.19323518368415,0.5671012427211001,0.19570715925847396,0.18735251486094817,40.50087943149247
4800,1323489.931873067,143.79714764591338,0.534955794863206,0.1945608397174887,0.10399807797652766,36.48560426960367
4800,1557390.86837473,171.62597009183062,0.4459846445927527,0.24339664403316447,0.1107203580934328,32.79222029469082
4800,1669993.075673744,167.74734544568844,0.7345733038961008,0.3770942392249822,0.1218475284505241,41.05027576173272
4800,1525048.7109947552,170.11463018373678,0.4600708938250094,0.08457230276774694,0.08107155804413366,28.745585065486903
4800,1788177.678780344,96.62507044347423,0.5399630686160072,0.2517267631782679,0.1278007447946468,35.71656401442098
4800,1309750.8468369879,124.33874855651067,0.6774182223503769,0.15515336155813317,0.1594261871964443,43.137945507118786
4800,1539282.6391912042,120.35456750603393,0.47008265208104105,0.0,0.0,31.561215465477403
4800,1411382.622251204,90.08598000811324,0.49824717517178224,0.09488382376025306,0.06643329258791988,34.20792098175372
4800,1668219.930946444,99.24249511355784,0.7239502879643737,0.3073936840876213,0.09913090026414434,43.0796773852263
4800,1412940.5767187278,97.67669179859172,0.47108356015893876,0.3077408906409445,0.05314307768086516,28.222040214771738
4800,1443010.7980995697,135.90095240331587,0.6087087189252434,0.23747067506371922,0.19270406885072094,38.42200749304088
4800,1488943.7126921453,101.2557620773046,0.5759756973018143,0.144899205517229,0.061086210144061716,28.26278853201331
4800,1302217.4268823997,105.34830535057093,0.47691941345119837,0.3454276262372456,0.0697329572380878,34.01082611113846
4800,1773481.3906976907,154.77167347898512,0.39694844976123955,0.24563846515997145,0.17952585360047169,31.21400178357242
4800,1563034.084832471,117.32242547093927,0.5941381950490345,0.23891701517945454,0.03198402931153094,32.21659006708327
4800,1777768.0093756295,100.40209257183017,0.39665044685395934,0.07478397641778634,0.014657660995408009,25.66552642322392
4800,1677401.9054752695,146.93241396557175,0.41636985800440784,0.3411440494915863,0.017913439925494754,39.69183735388063
4800,1585185.496520093,133.18600323396527,0.5630425287980165,0.17885151828048718,0.1548039170920411,35.48806184886507
4800,1465059.6805604924,133.0992449041449,0.4763102440886706,0.19994941274296588,0.07337946413361003,28.686938600319905
4800,1327400.092222991,141.4712094270135,0.4799787190377501,0.37549967101128373,0.09758521142833179,37.048939241235644
4800,1370256.6386195142,120.3732020767026,0.42429704341495333,0.27462773100435733,0.0,30.359691855074505
4800,1747775.5449722533,162.58799228815846,0.6441076778240017,0.1974645401953761,0.04193466442134209,39.03617581899321
4800,1299417.9260982578,125.92400669788972,0.4169302263398227,0.0072297696360329455,0.05512567992967695,29.714358885448156
4800,1527257.4699753737,118.54149071008807,0.6955486543963789,0.3411200525750162,0.21060165139265807,52.392860364102965
4800,1508864.5858206255,101.74207992951854,0.5951165170778927,0.33476561757095025,0.08358142624501061,40.411263494228095
4800,1374737.0823409539,154.02385833772345,0.42796519626406515,0.2270672548264108,0.0,32.016632623237825
4800,1660882.0397695033,166.67960484775304,0.6457786694711403,0.28603521249294156,0.2155474961674745,49.81326483279836
4800,1666290.558405391,140.263305606526,0.5209202492486641,0.4210095199150534,0.0065092091208502345,31.688231561842656
4800,1777080.5301376057,167.02275618304432,0.5560457774958805,0.31386113918141845,0.257538065345773,43.56626396463432
4800,1698213.5381806963,141.3650423627252,0.45529905400881454,0.10335947356482483,0.012971837002645994,31.10948801935082
4800,1306989.608001382,138.10967544190714,0.43370339530302465,0.1044359432981623,0.057775268291208444,29.43828130597055
4800,1298888.373959413,122.25570608752214,0.5696207461836084,0.3798905741940338,0.07519237531284553,40.743614350952086
4800,1515953.8120197786,113.29676459314989,0.35392746940280495,0.14312700435908982,0.04246504832296473,27.738484799488532
4800,1459764.7256504507,113.45300950332887,0.33948667985415826,0.06043375633666906,0.07328889507908301,22.570351149796586
4800,1544324.7549722882,139.84762331756173,0.45989561825809105,0.20280424635734254,0.11215051866314332,35.40251363972457
4800,1645046.986830144,153.4317244456412,0.4192886479358678,0.26134137920410877,0.1099212254884484,36.60174077050621
4800,1570059.4862336582,126.20957615315328,0.5041854475782478,0.4289879819738519,0.20327131621115263,43.58325775631775
4800,1628006.31598445,160.83673406348697,0.4819549972872834,0.4516368527174002,0.10627760625416097,36.92079152317741
4800,1434682.4290387256,154.4031641960114,0.5556559128093322,0.1515986556832597,0.18785186017501976,42.71488678110678
4800,1628280.0741553525,102.20636802292456,0.28477529353763636,0.4921918652550623,0.06597718422415125,32.50756510370737
4800,1448710.1355110775,178.97958498690738,0.5273883938259682,0.36968615004476413,0.141525657033745,48.36954373338258
4800,1479746.4288625065,160.3750747541654,0.5901078840237656,0.03330998490780848,0.3088882142710273,42.1143275627568
4800,1650607.977617841,116.09025046911901,0.6061090257602579,0.1673825306961047,0.15005956344716703,39.61234187322454
4800,1692524.9595667438,107.72592026989423,0.5935942641301566,0.0,0.09315418561690998,35.268763896282465
4800,1567003.816467082,144.97855100131036,0.46340957548625455,0.2558544526041557,0.19449814115319936,36.84721292935429
4800,1741532.1102041253,94.58585802505381,0.40876818754463784,0.2903853069131176,0.19819610374469243,36.84556303577242
4800,1457470.99565729,94.91301449337836,0.5868067898445845,0.23951544754082,0.044553555840943365,34.71293498270743
4800,1306606.1157504865,172.65249093604646,0.3953817780269412,0.047816459738905026,0.16654651616771038,35.57140360733347
4800,1604527.9431504656,149.10791514955696,0.3691075523146515,0.2445835143384586,0.08634446830249043,27.296380408918736
4800,1765969.9552007806,101.94544325333844,0.5569797948705767,0.3737828529992442,0.0850898348834574,39.08293975186651
4800,1481665.5045296364,106.85075634808662,0.5582352607367123,0.317353663168146,0.021442215550747906,35.85793178271694
4800,1642275.5099598314,178.55051973985502,0.3505844693450333,0.23623051527998915,0.11555247015524547,28.589630090221867
4800,1739038.342558209,149.3723230687007,0.5607292224986444,0.26991463778824615,0.0,37.47024597348716
180,67985.57593977434,13.40302595195519,0.2608467566244572,0.4038224719108371,0.018332429883375453,18.99865693901757
180,72646.96026763433,12.135068327868215,0.2809280122191897,0.4492016541204177,0.051887738559561455,19.4345544861931
180,65996.54836001138,9.952647842584394,0.6293854108368149,0.5505215962952663,0.0,36.39230964930978
180,89194.76991458793,10.119520641530812,0.2789037720629318,0.4472244980612711,0.2087331975062066,26.90742440782204
180,73901.5674225258,14.142290776505968,0.2555555476206901,0.573362530430985,0.17673723141475686,29.100959294789014
180,68130.00282336974,11.161889177109746,0.3211982549771612,0.5301783837221381,0.09097897031740998,25.92510105161612
180,72714.7383167052,7.908303205458058,0.2583914878733471,0.5405212422445633,0.08170459922840889,23.330711348909535
180,65728.72429314467,8.47562318199673,0.16327871086980014,0.7148867286417404,0.06864872011430855,21.15906867618173
180,82652.18767878131,10.382428794792812,0.4544058048000524,0.6663253184463296,0.11555147228621367,33.56633751913402
180,87407.16806770767,13.275694042193164,0.2809777081676901,0.5405727105807596,0.044707380244364416,24.588059599270142
180,87828.5434552163,13.376480187001729,0.2380863042524391,0.5852163623451849,0.0074950805639595885,17.843440433458333
180,78618.79402797602,13.670938862611555,0.40156622833856626,0.38371370285722434,0.024086693007466256,22.69938315550601
180,73778.83773616143,10.128904836729884,0.1987970999083464,0.5999541449147221,0.1477388995352852,24.244932384611474
180,78645.11918177149,13.422386366113868,0.24756233330620153,0.4022036832000775,0.18319244214093364,23.123714645493138
180,70245.48156609728,7.606597721809814,0.26998849070149866,0.36461471531531,0.0942121101297042,15.639758436986412
180,89996.49337483877,9.895602944276682,0.14361964997943286,0.45542886467664323,0.07319240236600676,17.32754912873642
180,78460.48957872692,11.365232616220403,0.36507394276572275,0.49213441498604454,0.126150824847892,27.443986814756236
180,84077.67690579145,9.086033503153644,0.17373254879816774,0.5647326224763978,0.005028063478949296,21.29660721449117
180,69993.49770872631,13.76676130930408,0.18773768114116846,0.4186676359125415,0.11047479574788566,19.19942341570755
180,71925.31779082978,8.98353340254877,0.4837745630786756,0.4652402540209483,0.1679014097890378,24.82662605797328
180,79904.32478659811,8.711414488277345,0.1878408988346876,0.5560012157696917,0.0,16.754637349438365
180,65043.50895475826,8.506542200290232,0.20310470443258016,0.4430976060974313,0.0027350144652651537,15.6885353803424
180,86977.41117500304,14.372600417855569,0.46743592401868217,0.413671541637563,0.191314654340425,34.769645478726304
180,80984.9050568125,12.404158933910194,0.41313571522533177,0.44956905227597177,0.12440557760570761,29.77992759328844
180,88886.64399163828,12.023842724336923,0.4862492172052373,0.5566040798075157,0.12530851032565365,34.02049709251037
180,76949.1901504115,12.398435006654559,0.19832404251614724,0.429213567116264,0.2529553424950802,27.32051402085117
180,70162.34811944608,7.526114427634588,0.2052322997157623,0.44630970269723874,0.17992417343889333,23.64389574008427
180,73707.56676950486,13.604782164891454,0.2603534117953491,0.6847821783836294,0.03150504418926931,22.00914517156918
180,75498.81214484478,9.55938001996832,0.2806786979241807,0.5466350328973341,0.01141233979566604,20.97016299395274
180,84718.41994911908,9.701934822447846,0.30489383927081115,0.5085517658694277,0.09311046152608322,23.89353894086877
180,89999.4209145259,14.602969814185712,0.29552423587642046,0.447338079206406,0.10591517136688147,23.759143347487363
180,77457.4033775851,9.991833865515659,0.22695337410910482,0.46640866085565746,0.011510785037551596,18.77533701858329
180,75983.52245167918,8.911690289222495,0.2516769292034539,0.4981065295552447,0.0,18.512768301989848
180,79507.7450058372,12.161388151724626,0.044008343369750236,0.36463961498677694,0.19711411236114668,19.646312333681628
180,77714.50512912909,12.872526000972023,0.3672987424164477,0.4456557577545038,0.0,30.022837317431495
180,73665.31619337302,7.943712348732602,0.26349020239892457,0.7367475025736576,0.06745665674433958,23.437714099231624
180,84236.45359198464,13.353850046822044,0.25150019217091313,0.3760424929161763,0.0,17.276719484788426
180,65947.66931969221,10.43459438174529,0.355623913497328,0.27711357995421027,0.18294128031656437,25.989786646331954
180,71555.58531672457,8.469494594215494,0.43707965607638405,0.487417113466036,0.0,22.495393812856015
180,72494.71792056414,11.630908172480517,0.31474906544329384,0.45667778783284496,0.0,19.64075224015643
180,81716.26680826981,14.131575311737532,0.25374211527129154,0.6482574316956976,0.07672670705812862,26.371674541076032
180,72903.2895565469,9.74354318289083,0.43493180484506716,0.5777432980983808,0.1349493569067885,28.813351931367176
180,75887.93881436325,8.402344256972617,0.27950126064008735,0.4128963149008129,0.0,17.819582389811575
180,89412.09324351286,14.296360243110854,0.29305736331811155,0.40483354686433093,0.08631401701465807,21.301611312512726
180,89525.83105920862,7.565360229950503,0.36963308814017154,0.5243856514753631,0.0,23.607348039831454
180,86142.69338651106,9.439034750931762,0.22548691827693107,0.545835564018177,0.0,21.12652333386373
180,89941.82091018371,8.59289821300034,0.39075955693089953,0.40829986905389326,0.081420077776574,20.399410363927604
180,85241.88186687925,13.658938561430707,0.20888974549289507,0.8365354991283296,0.05815221728352202,18.29131628557346
180,79919.96997570424,10.533358067939194,0.3240920712456153,0.5971741712333862,0.0070670099064997355,18.90330915288943
180,89638.01995534914,14.229913268529756,0.16784287878004542,0.4726261781941232,0.019813213002654526,17.404428261026133
180,83504.27338981556,13.262643793878603,0.2850766914820011,0.5659028593079639,0.0960319600384234,26.446178462381994
180,82057.76319206452,9.703352188238032,0.2669133598195558,0.48000820308204584,0.1638611501112648,28.805131094765926
180,68279.155569588,8.298674231840153,0.3752784437364372,0.3823255027079094,0.0,19.089168312632538
180,85925.45539168542,7.867002716443824,0.41735623437556024,0.3966129342946629,0.046067579341524584,24.115233104856024
180,64864.98098426197,8.37245325213472,0.40891371839133617,0.5253332892345356,0.17979410694589446,23.74943909887031
180,87857.48131541065,7.73191512810685,0.18942277047846934,0.5916000934861387,0.0,23.385678108730502
180,74502.00954253046,7.97833129845544,0.24249803035455858,0.4227814749100245,0.07580433868035996,22.892483761172475
180,70199.24673792324,7.8045626054112125,0.2200856166971528,0.5144193120054852,0.11561701681976153,22.425568511671937
180,75452.25204397325,11.632760456013129,0.3788845713152274,0.5232924929658598,0.11011236571897824,31.41357971807792
180,84244.51152266789,10.881549548251716,0.36355104445203323,0.3772441800533118,0.09446907397238652,26.658974311902725
180,88370.78712231923,8.804044050491186,0.287485441128884,0.5141495203599238,0.0,22.309624104000427
180,87769.4775719167,14.727430819580949,0.39623557113343644,0.47476906978718864,0.06674753499006807,22.44627021747317
180,65399.882921475735,13.880504261222287,0.11521298801945828,0.3697784755867306,0.20069479262431772,16.730975759183558
180,65599.27225083437,10.26467365400112,0.12094489805481023,0.6123335749915648,0.0,15.29187945243121
180,72807.84035199547,11.881046853318837,0.3230489643429855,0.4128236474565356,0.0,17.966529986907336
180,78724.15635114803,11.46180470190494,0.39700585902076035,0.35436766662330293,0.10407834195505271,24.40717470530014
180,74200.36580517613,10.972615123022473,0.37911309671975585,0.47933358342870824,0.11475140212678403,28.108014862989258
180,71696.95571775634,9.26828379730469,0.34311831260392295,0.5570602799782259,0.03800539881962567,26.145131182744365
180,69742.23294964171,10.783420997538535,0.35946362250040786,0.7062488191698932,0.05463763041681331,33.67017558185232
180,67770.4618630754,10.448825155531473,0.342141090704854,0.5543673327073162,0.3293363393059136,33.00567696936269
180,73226.61542067715,10.786214483994343,0.20252175911513465,0.45249579265006734,0.04779283177963142,23.01734942920804
180,67115.05310954685,10.802663944780381,0.3298848044438394,0.4729433558359714,0.14061102636125944,27.946864907202517
180,84626.82261531806,14.331385117822721,0.3133934743758657,0.580426574838991,0.14024898407022202,32.22110671086607
180,86392.57407561225,13.588851346115138,0.2522098460226566,0.5469576320512815,0.11311267285912532,22.906335370860003
180,67835.06264405,14.317501515695593,0.2507783146824392,0.3250243326033362,0.027880393398457957,18.621759977782943
180,71218.69777218965,14.565508002535196,0.04004655016297615,0.5769564457708793,0.035347857128342576,14.279977835409733
180,89439.24626461105,10.331021123198681,0.2897764272037859,0.4973090830076264,0.1875523977672195,29.179768627569953
180,82038.09883868322,14.644666949189578,0.3667045547583653,0.28560574158443874,0.16933061249292852,21.569898899329083
180,84035.77391094272,12.80009412356863,0.1814925956696744,0.7371666484197439,0.0034413546529508537,20.707030416091353
180,82267.07847329165,14.738507987100068,0.29551711156697935,0.34386866041624264,0.07889964963126156,23.228857121942138
180,69256.59147629788,11.254259705929249,0.3254190676557657,0.32213954013433743,0.14811905015310958,25.20734300082652
180,74364.68789828189,14.069980045119983,0.28327931630229974,0.3601206392113145,0.22782477691596836,23.568687077921492
180,70415.05955380967,11.12549270915951,0.41799657394575895,0.43701457902295515,0.0,26.551414216961422
180,68150.16620250582,7.72957957170177,0.27449843473401386,0.6647906169968569,0.1398353783057506,28.601322507792965
180,78763.04898966408,9.887896852821095,0.2168113050336184,0.5005406078611221,0.10468106916906322,20.4534376235864
180,72802.38332596683,11.835294359399489,0.40280680199603225,0.2786603607426759,0.049479518423703135,21.745527275872465
180,85069.65198790352,8.599405432655708,0.47960946456523695,0.5794656058287664,0.04718216046483848,32.92783816197925
180,80011.2432220951,12.69882839594258,0.16678022867089878,0.40115648281144,0.1164551934843937,22.241019960581877
180,86880.9231931555,9.954043867144025,0.2859864871571994,0.27393500456754044,0.0,15.916806650354761
180,77581.09710482063,9.57498048199864,0.363320043470931,0.4340615386926844,0.0,22.697071132873468
180,79447.23778531804,13.798209361877106,0.22108353007275938,0.6081736040402431,0.030288258262077317,24.853045804986866
180,86008.03263817736,9.316713082298701,0.28672035470593404,0.4166583796316274,0.1540886200358835,27.28697307369941
180,83607.74087176885,11.249680951407072,0.40360779505747896,0.427323229801,0.0821307344380986,21.980081043204542
180,65642.39348033999,12.706627947659934,0.2795057733638365,0.4248571557049131,0.0477691234259492,22.07351976936019
180,81135.12723951584,8.427764864675103,0.28805080895600044,0.2762752162693537,0.020310354808121114,18.27650504705847
180,73101.18784601655,7.720572019673796,0.32565482218541647,0.4055114728040735,0.0997483143304973,25.240987451167875
180,82594.49501920395,9.145092268642326,0.38180277537237717,0.6138674577300207,0.03133211199740351,29.12673965917481
180,74462.93191632921,8.622669183585982,0.24890873382333245,0.4731221403505075,0.0,17.503804526485997
180,73846.10986733396,9.787986123460437,0.4756188068085139,0.3605040697609668,0.03491350103168594,28.616354588034472
180,80394.01021011797,8.906933391153592,0.4478031794326963,0.415904886689727,0.022159396582143734,28.592922230281243
